,Empresas,Retorno Acumulado
0,['TSLA' 'AMZN' 'MSFT' 'GOOG' 'AAPL'],1.4936228112125997e-64
1,['TSLA' 'MSFT' 'GOOG' 'AAPL' 'AMZN'],1.4936228112125997e-64
2,['GOOG' 'TSLA' 'AMZN' 'MSFT' 'AAPL'],1.4936228112125997e-64
3,['GOOG' 'TSLA' 'AAPL' 'AMZN' 'MSFT'],1.4936228112125997e-64
4,['AAPL' 'TSLA' 'AMZN' 'MSFT' 'GOOG'],1.4936228112125997e-64
5,['GOOG' 'TSLA' 'AAPL' 'MSFT' 'AMZN'],1.4936228112125997e-64
6,['TSLA' 'AAPL' 'GOOG' 'MSFT' 'AMZN'],1.4936228112125997e-64
7,['AAPL' 'GOOG' 'MSFT' 'AMZN' 'TSLA'],1.4936228112125997e-64
8,['AMZN' 'MSFT' 'GOOG' 'TSLA' 'AAPL'],1.4936228112125997e-64
9,['MSFT' 'TSLA' 'AAPL' 'GOOG' 'AMZN'],1.4936228112125997e-64
10,['AAPL' 'GOOG' 'TSLA' 'AMZN' 'MSFT'],1.4936228112125997e-64
11,['TSLA' 'AMZN' 'AAPL' 'MSFT' 'GOOG'],1.4936228112125997e-64
12,['AAPL' 'AMZN' 'GOOG' 'TSLA' 'MSFT'],1.4936228112125997e-64
13,['AMZN' 'GOOG' 'MSFT' 'AAPL' 'TSLA'],1.4936228112125997e-64
14,['MSFT' 'AMZN' 'TSLA' 'AAPL' 'GOOG'],1.4936228112125997e-64
15,['AAPL' 'TSLA' 'MSFT' 'AMZN' 'GOOG'],1.4936228112125997e-64
16,['TSLA' 'AAPL' 'GOOG' 'MSFT' 'AMZN'],1.4936228112125997e-64
17,['GOOG' 'TSLA' 'AAPL' 'MSFT' 'AMZN'],1.4936228112125997e-64
18,['MSFT' 'GOOG' 'AAPL' 'AMZN' 'TSLA'],1.4936228112125997e-64
19,['GOOG' 'TSLA' 'AMZN' 'MSFT' 'AAPL'],1.4936228112125997e-64
20,['AAPL' 'GOOG' 'AMZN' 'MSFT' 'TSLA'],1.4936228112125997e-64
21,['TSLA' 'MSFT' 'AMZN' 'GOOG' 'AAPL'],1.4936228112125997e-64
22,['MSFT' 'GOOG' 'AAPL' 'AMZN' 'TSLA'],1.4936228112125997e-64
23,['TSLA' 'GOOG' 'MSFT' 'AAPL' 'AMZN'],1.4936228112125997e-64
24,['GOOG' 'AAPL' 'TSLA' 'AMZN' 'MSFT'],1.4936228112125997e-64
25,['GOOG' 'AAPL' 'TSLA' 'MSFT' 'AMZN'],1.4936228112125997e-64
26,['MSFT' 'AMZN' 'GOOG' 'TSLA' 'AAPL'],1.4936228112125997e-64
27,['GOOG' 'TSLA' 'MSFT' 'AAPL' 'AMZN'],1.4936228112125997e-64
28,['AAPL' 'AMZN' 'GOOG' 'TSLA' 'MSFT'],1.4936228112125997e-64
29,['TSLA' 'MSFT' 'AAPL' 'AMZN' 'GOOG'],1.4936228112125997e-64
30,['AAPL' 'TSLA' 'MSFT' 'GOOG' 'AMZN'],1.4936228112125997e-64
31,['AMZN' 'TSLA' 'GOOG' 'MSFT' 'AAPL'],1.4936228112125997e-64
32,['AAPL' 'AMZN' 'TSLA' 'MSFT' 'GOOG'],1.4936228112125997e-64
33,['GOOG' 'MSFT' 'AAPL' 'AMZN' 'TSLA'],1.4936228112125997e-64
34,['GOOG' 'MSFT' 'TSLA' 'AAPL' 'AMZN'],1.4936228112125997e-64
35,['AMZN' 'GOOG' 'AAPL' 'MSFT' 'TSLA'],1.4936228112125997e-64
36,['TSLA' 'GOOG' 'AAPL' 'AMZN' 'MSFT'],1.4936228112125997e-64
37,['MSFT' 'GOOG' 'AAPL' 'AMZN' 'TSLA'],1.4936228112125997e-64
38,['MSFT' 'AMZN' 'AAPL' 'TSLA' 'GOOG'],1.4936228112125997e-64
39,['TSLA' 'GOOG' 'MSFT' 'AAPL' 'AMZN'],1.4936228112125997e-64
40,['MSFT' 'AAPL' 'AMZN' 'TSLA' 'GOOG'],1.4936228112125997e-64
41,['AMZN' 'TSLA' 'GOOG' 'MSFT' 'AAPL'],1.4936228112125997e-64
42,['GOOG' 'MSFT' 'TSLA' 'AAPL' 'AMZN'],1.4936228112125997e-64
43,['AAPL' 'GOOG' 'AMZN' 'MSFT' 'TSLA'],1.4936228112125997e-64
44,['AMZN' 'MSFT' 'TSLA' 'AAPL' 'GOOG'],1.4936228112125997e-64
45,['AMZN' 'MSFT' 'TSLA' 'AAPL' 'GOOG'],1.4936228112125997e-64
46,['TSLA' 'AMZN' 'MSFT' 'AAPL' 'GOOG'],1.4936228112125997e-64
47,['AMZN' 'MSFT' 'GOOG' 'AAPL' 'TSLA'],1.4936228112125997e-64
48,['MSFT' 'GOOG' 'AMZN' 'TSLA' 'AAPL'],1.4936228112125997e-64
49,['TSLA' 'AAPL' 'GOOG' 'MSFT' 'AMZN'],1.4936228112125997e-64
50,['TSLA' 'AAPL' 'GOOG' 'AMZN' 'MSFT'],1.4936228112125997e-64
51,['GOOG' 'AAPL' 'TSLA' 'AMZN' 'MSFT'],1.4936228112125997e-64
52,['MSFT' 'TSLA' 'AAPL' 'GOOG' 'AMZN'],1.4936228112125997e-64
53,['GOOG' 'AAPL' 'TSLA' 'AMZN' 'MSFT'],1.4936228112125997e-64
54,['AAPL' 'MSFT' 'GOOG' 'AMZN' 'TSLA'],1.4936228112125997e-64
55,['AMZN' 'GOOG' 'AAPL' 'TSLA' 'MSFT'],1.4936228112125997e-64
56,['AAPL' 'TSLA' 'AMZN' 'MSFT' 'GOOG'],1.4936228112125997e-64
57,['AMZN' 'MSFT' 'AAPL' 'TSLA' 'GOOG'],1.4936228112125997e-64
58,['MSFT' 'AAPL' 'GOOG' 'TSLA' 'AMZN'],1.4936228112125997e-64
59,['GOOG' 'MSFT' 'TSLA' 'AAPL' 'AMZN'],1.4936228112125997e-64
60,['MSFT' 'AAPL' 'AMZN' 'GOOG' 'TSLA'],1.4936228112125997e-64
61,['AMZN' 'MSFT' 'GOOG' 'AAPL' 'TSLA'],1.4936228112125997e-64
62,['AMZN' 'GOOG' 'MSFT' 'TSLA' 'AAPL'],1.4936228112125997e-64
63,['AMZN' 'AAPL' 'GOOG' 'TSLA' 'MSFT'],1.4936228112125997e-64
64,['AAPL' 'AMZN' 'TSLA' 'GOOG' 'MSFT'],1.4936228112125997e-64
65,['MSFT' 'GOOG' 'TSLA' 'AMZN' 'AAPL'],1.4936228112125997e-64
66,['TSLA' 'MSFT' 'GOOG' 'AAPL' 'AMZN'],1.4936228112125997e-64
67,['MSFT' 'TSLA' 'AAPL' 'GOOG' 'AMZN'],1.4936228112125997e-64
68,['GOOG' 'AMZN' 'AAPL' 'TSLA' 'MSFT'],1.4936228112125997e-64
69,['AMZN' 'TSLA' 'AAPL' 'GOOG' 'MSFT'],1.4936228112125997e-64
70,['GOOG' 'AAPL' 'MSFT' 'AMZN' 'TSLA'],1.4936228112125997e-64
71,['AMZN' 'TSLA' 'AAPL' 'MSFT' 'GOOG'],1.4936228112125997e-64
72,['GOOG' 'TSLA' 'AMZN' 'AAPL' 'MSFT'],1.4936228112125997e-64
73,['AMZN' 'AAPL' 'TSLA' 'GOOG' 'MSFT'],1.4936228112125997e-64
74,['GOOG' 'MSFT' 'AMZN' 'TSLA' 'AAPL'],1.4936228112125997e-64
75,['MSFT' 'TSLA' 'AMZN' 'AAPL' 'GOOG'],1.4936228112125997e-64
76,['GOOG' 'TSLA' 'MSFT' 'AMZN' 'AAPL'],1.4936228112125997e-64
77,['MSFT' 'AMZN' 'GOOG' 'TSLA' 'AAPL'],1.4936228112125997e-64
78,['TSLA' 'AMZN' 'AAPL' 'GOOG' 'MSFT'],1.4936228112125997e-64
79,['AAPL' 'AMZN' 'MSFT' 'TSLA' 'GOOG'],1.4936228112125997e-64
80,['GOOG' 'AMZN' 'AAPL' 'TSLA' 'MSFT'],1.4936228112125997e-64
81,['MSFT' 'GOOG' 'AMZN' 'AAPL' 'TSLA'],1.4936228112125997e-64
82,['AAPL' 'MSFT' 'AMZN' 'TSLA' 'GOOG'],1.4936228112125997e-64
83,['AMZN' 'AAPL' 'MSFT' 'GOOG' 'TSLA'],1.4936228112125997e-64
84,['TSLA' 'AMZN' 'GOOG' 'MSFT' 'AAPL'],1.4936228112125997e-64
85,['MSFT' 'TSLA' 'GOOG' 'AAPL' 'AMZN'],1.4936228112125997e-64
86,['MSFT' 'AAPL' 'TSLA' 'AMZN' 'GOOG'],1.4936228112125997e-64
87,['GOOG' 'AMZN' 'TSLA' 'AAPL' 'MSFT'],1.4936228112125997e-64
88,['MSFT' 'TSLA' 'GOOG' 'AAPL' 'AMZN'],1.4936228112125997e-64
89,['AMZN' 'GOOG' 'TSLA' 'AAPL' 'MSFT'],1.4936228112125997e-64
90,['MSFT' 'AAPL' 'AMZN' 'TSLA' 'GOOG'],1.4936228112125997e-64
91,['GOOG' 'AAPL' 'MSFT' 'TSLA' 'AMZN'],1.4936228112125997e-64
92,['MSFT' 'AMZN' 'GOOG' 'TSLA' 'AAPL'],1.4936228112125997e-64
93,['AMZN' 'GOOG' 'MSFT' 'AAPL' 'TSLA'],1.4936228112125997e-64
94,['AMZN' 'MSFT' 'GOOG' 'AAPL' 'TSLA'],1.4936228112125997e-64
95,['MSFT' 'GOOG' 'TSLA' 'AAPL' 'AMZN'],1.4936228112125997e-64
96,['AAPL' 'MSFT' 'TSLA' 'AMZN' 'GOOG'],1.4936228112125997e-64
97,['GOOG' 'AAPL' 'TSLA' 'MSFT' 'AMZN'],1.4936228112125997e-64
98,['TSLA' 'MSFT' 'AAPL' 'AMZN' 'GOOG'],1.4936228112125997e-64
99,['MSFT' 'AAPL' 'AMZN' 'GOOG' 'TSLA'],1.4936228112125997e-64
100,['TSLA' 'AMZN' 'GOOG' 'AAPL' 'MSFT'],1.4936228112125997e-64
101,['TSLA' 'MSFT' 'GOOG' 'AAPL' 'AMZN'],1.4936228112125997e-64
102,['GOOG' 'AAPL' 'TSLA' 'AMZN' 'MSFT'],1.4936228112125997e-64
103,['GOOG' 'AMZN' 'MSFT' 'TSLA' 'AAPL'],1.4936228112125997e-64
104,['MSFT' 'AAPL' 'GOOG' 'TSLA' 'AMZN'],1.4936228112125997e-64
105,['AMZN' 'AAPL' 'MSFT' 'GOOG' 'TSLA'],1.4936228112125997e-64
106,['MSFT' 'AMZN' 'AAPL' 'GOOG' 'TSLA'],1.4936228112125997e-64
107,['GOOG' 'AMZN' 'TSLA' 'MSFT' 'AAPL'],1.4936228112125997e-64
108,['MSFT' 'TSLA' 'AAPL' 'GOOG' 'AMZN'],1.4936228112125997e-64
109,['AAPL' 'MSFT' 'TSLA' 'GOOG' 'AMZN'],1.4936228112125997e-64
110,['AAPL' 'AMZN' 'MSFT' 'TSLA' 'GOOG'],1.4936228112125997e-64
111,['AAPL' 'MSFT' 'TSLA' 'GOOG' 'AMZN'],1.4936228112125997e-64
112,['AMZN' 'TSLA' 'AAPL' 'GOOG' 'MSFT'],1.4936228112125997e-64
113,['AMZN' 'AAPL' 'GOOG' 'MSFT' 'TSLA'],1.4936228112125997e-64
114,['MSFT' 'AMZN' 'TSLA' 'AAPL' 'GOOG'],1.4936228112125997e-64
115,['AAPL' 'MSFT' 'GOOG' 'TSLA' 'AMZN'],1.4936228112125997e-64
116,['MSFT' 'AMZN' 'AAPL' 'TSLA' 'GOOG'],1.4936228112125997e-64
117,['AMZN' 'MSFT' 'GOOG' 'AAPL' 'TSLA'],1.4936228112125997e-64
118,['AMZN' 'AAPL' 'TSLA' 'MSFT' 'GOOG'],1.4936228112125997e-64
119,['MSFT' 'AAPL' 'AMZN' 'GOOG' 'TSLA'],1.4936228112125997e-64
120,['TSLA' 'GOOG' 'AAPL' 'AMZN' 'MSFT'],1.4936228112125997e-64
121,['GOOG' 'AMZN' 'MSFT' 'AAPL' 'TSLA'],1.4936228112125997e-64
122,['TSLA' 'GOOG' 'MSFT' 'AAPL' 'AMZN'],1.4936228112125997e-64
123,['AAPL' 'AMZN' 'MSFT' 'GOOG' 'TSLA'],1.4936228112125997e-64
124,['TSLA' 'AAPL' 'AMZN' 'MSFT' 'GOOG'],1.4936228112125997e-64
125,['AMZN' 'MSFT' 'GOOG' 'AAPL' 'TSLA'],1.4936228112125997e-64
126,['MSFT' 'GOOG' 'AMZN' 'AAPL' 'TSLA'],1.4936228112125997e-64
127,['AMZN' 'TSLA' 'MSFT' 'AAPL' 'GOOG'],1.4936228112125997e-64
128,['MSFT' 'TSLA' 'AAPL' 'AMZN' 'GOOG'],1.4936228112125997e-64
129,['AAPL' 'AMZN' 'MSFT' 'TSLA' 'GOOG'],1.4936228112125997e-64
130,['GOOG' 'MSFT' 'TSLA' 'AAPL' 'AMZN'],1.4936228112125997e-64
131,['AAPL' 'MSFT' 'TSLA' 'AMZN' 'GOOG'],1.4936228112125997e-64
132,['AMZN' 'GOOG' 'AAPL' 'TSLA' 'MSFT'],1.4936228112125997e-64
133,['MSFT' 'GOOG' 'TSLA' 'AAPL' 'AMZN'],1.4936228112125997e-64
134,['GOOG' 'MSFT' 'TSLA' 'AMZN' 'AAPL'],1.4936228112125997e-64
135,['AMZN' 'MSFT' 'AAPL' 'TSLA' 'GOOG'],1.4936228112125997e-64
136,['AAPL' 'TSLA' 'AMZN' 'GOOG' 'MSFT'],1.4936228112125997e-64
137,['GOOG' 'AMZN' 'TSLA' 'AAPL' 'MSFT'],1.4936228112125997e-64
138,['AAPL' 'MSFT' 'AMZN' 'TSLA' 'GOOG'],1.4936228112125997e-64
139,['TSLA' 'GOOG' 'AMZN' 'AAPL' 'MSFT'],1.4936228112125997e-64
140,['AMZN' 'MSFT' 'AAPL' 'TSLA' 'GOOG'],1.4936228112125997e-64
141,['GOOG' 'AMZN' 'AAPL' 'TSLA' 'MSFT'],1.4936228112125997e-64
142,['MSFT' 'AMZN' 'AAPL' 'TSLA' 'GOOG'],1.4936228112125997e-64
143,['TSLA' 'GOOG' 'MSFT' 'AMZN' 'AAPL'],1.4936228112125997e-64
144,['AAPL' 'TSLA' 'AMZN' 'MSFT' 'GOOG'],1.4936228112125997e-64
145,['GOOG' 'AAPL' 'TSLA' 'AMZN' 'MSFT'],1.4936228112125997e-64
146,['TSLA' 'MSFT' 'AAPL' 'AMZN' 'GOOG'],1.4936228112125997e-64
147,['AAPL' 'GOOG' 'AMZN' 'MSFT' 'TSLA'],1.4936228112125997e-64
148,['MSFT' 'TSLA' 'AAPL' 'GOOG' 'AMZN'],1.4936228112125997e-64
149,['AMZN' 'AAPL' 'MSFT' 'GOOG' 'TSLA'],1.4936228112125997e-64
150,['MSFT' 'TSLA' 'GOOG' 'AMZN' 'AAPL'],1.4936228112125997e-64
151,['MSFT' 'TSLA' 'GOOG' 'AAPL' 'AMZN'],1.4936228112125997e-64
152,['GOOG' 'AAPL' 'MSFT' 'AMZN' 'TSLA'],1.4936228112125997e-64
153,['GOOG' 'TSLA' 'AMZN' 'MSFT' 'AAPL'],1.4936228112125997e-64
154,['MSFT' 'AAPL' 'AMZN' 'TSLA' 'GOOG'],1.4936228112125997e-64
155,['AAPL' 'AMZN' 'MSFT' 'GOOG' 'TSLA'],1.4936228112125997e-64
156,['GOOG' 'MSFT' 'AMZN' 'TSLA' 'AAPL'],1.4936228112125997e-64
157,['AMZN' 'GOOG' 'AAPL' 'MSFT' 'TSLA'],1.4936228112125997e-64
158,['MSFT' 'AMZN' 'GOOG' 'AAPL' 'TSLA'],1.4936228112125997e-64
159,['GOOG' 'MSFT' 'TSLA' 'AMZN' 'AAPL'],1.4936228112125997e-64
160,['AMZN' 'MSFT' 'AAPL' 'GOOG' 'TSLA'],1.4936228112125997e-64
161,['AAPL' 'GOOG' 'TSLA' 'MSFT' 'AMZN'],1.4936228112125997e-64
162,['TSLA' 'GOOG' 'AMZN' 'AAPL' 'MSFT'],1.4936228112125997e-64
163,['GOOG' 'MSFT' 'AAPL' 'AMZN' 'TSLA'],1.4936228112125997e-64
164,['MSFT' 'AAPL' 'AMZN' 'GOOG' 'TSLA'],1.4936228112125997e-64
165,['AMZN' 'GOOG' 'AAPL' 'MSFT' 'TSLA'],1.4936228112125997e-64
166,['MSFT' 'AAPL' 'TSLA' 'GOOG' 'AMZN'],1.4936228112125997e-64
167,['AAPL' 'AMZN' 'TSLA' 'MSFT' 'GOOG'],1.4936228112125997e-64
168,['MSFT' 'AAPL' 'GOOG' 'TSLA' 'AMZN'],1.4936228112125997e-64
169,['AAPL' 'TSLA' 'AMZN' 'MSFT' 'GOOG'],1.4936228112125997e-64
170,['GOOG' 'MSFT' 'TSLA' 'AMZN' 'AAPL'],1.4936228112125997e-64
171,['TSLA' 'MSFT' 'GOOG' 'AMZN' 'AAPL'],1.4936228112125997e-64
172,['TSLA' 'AMZN' 'AAPL' 'GOOG' 'MSFT'],1.4936228112125997e-64
173,['MSFT' 'TSLA' 'AMZN' 'AAPL' 'GOOG'],1.4936228112125997e-64
174,['TSLA' 'MSFT' 'GOOG' 'AAPL' 'AMZN'],1.4936228112125997e-64
175,['TSLA' 'AAPL' 'AMZN' 'MSFT' 'GOOG'],1.4936228112125997e-64
176,['AAPL' 'AMZN' 'TSLA' 'MSFT' 'GOOG'],1.4936228112125997e-64
177,['GOOG' 'AAPL' 'AMZN' 'TSLA' 'MSFT'],1.4936228112125997e-64
178,['MSFT' 'AAPL' 'TSLA' 'AMZN' 'GOOG'],1.4936228112125997e-64
179,['TSLA' 'MSFT' 'AAPL' 'AMZN' 'GOOG'],1.4936228112125997e-64
180,['MSFT' 'TSLA' 'AAPL' 'AMZN' 'GOOG'],1.4936228112125997e-64
181,['MSFT' 'GOOG' 'TSLA' 'AAPL' 'AMZN'],1.4936228112125997e-64
182,['GOOG' 'AMZN' 'AAPL' 'TSLA' 'MSFT'],1.4936228112125997e-64
183,['GOOG' 'AMZN' 'MSFT' 'AAPL' 'TSLA'],1.4936228112125997e-64
184,['AMZN' 'TSLA' 'MSFT' 'AAPL' 'GOOG'],1.4936228112125997e-64
185,['GOOG' 'TSLA' 'AMZN' 'AAPL' 'MSFT'],1.4936228112125997e-64
186,['MSFT' 'AMZN' 'AAPL' 'GOOG' 'TSLA'],1.4936228112125997e-64
187,['TSLA' 'AAPL' 'GOOG' 'MSFT' 'AMZN'],1.4936228112125997e-64
188,['AAPL' 'TSLA' 'GOOG' 'AMZN' 'MSFT'],1.4936228112125997e-64
189,['TSLA' 'AMZN' 'GOOG' 'AAPL' 'MSFT'],1.4936228112125997e-64
190,['TSLA' 'GOOG' 'AMZN' 'MSFT' 'AAPL'],1.4936228112125997e-64
191,['AMZN' 'MSFT' 'AAPL' 'GOOG' 'TSLA'],1.4936228112125997e-64
192,['GOOG' 'AAPL' 'MSFT' 'AMZN' 'TSLA'],1.4936228112125997e-64
193,['TSLA' 'AMZN' 'AAPL' 'GOOG' 'MSFT'],1.4936228112125997e-64
194,['AMZN' 'GOOG' 'TSLA' 'MSFT' 'AAPL'],1.4936228112125997e-64
195,['MSFT' 'AMZN' 'GOOG' 'AAPL' 'TSLA'],1.4936228112125997e-64
196,['AAPL' 'AMZN' 'TSLA' 'MSFT' 'GOOG'],1.4936228112125997e-64
197,['TSLA' 'AAPL' 'MSFT' 'GOOG' 'AMZN'],1.4936228112125997e-64
198,['AMZN' 'TSLA' 'MSFT' 'AAPL' 'GOOG'],1.4936228112125997e-64
199,['TSLA' 'MSFT' 'GOOG' 'AAPL' 'AMZN'],1.4936228112125997e-64
200,['MSFT' 'TSLA' 'GOOG' 'AMZN' 'AAPL'],1.4936228112125997e-64
201,['MSFT' 'TSLA' 'AMZN' 'GOOG' 'AAPL'],1.4936228112125997e-64
202,['AAPL' 'GOOG' 'AMZN' 'MSFT' 'TSLA'],1.4936228112125997e-64
203,['AAPL' 'TSLA' 'AMZN' 'GOOG' 'MSFT'],1.4936228112125997e-64
204,['AMZN' 'TSLA' 'AAPL' 'MSFT' 'GOOG'],1.4936228112125997e-64
205,['MSFT' 'TSLA' 'AAPL' 'GOOG' 'AMZN'],1.4936228112125997e-64
206,['MSFT' 'AMZN' 'TSLA' 'AAPL' 'GOOG'],1.4936228112125997e-64
207,['MSFT' 'TSLA' 'AAPL' 'GOOG' 'AMZN'],1.4936228112125997e-64
208,['GOOG' 'MSFT' 'AAPL' 'AMZN' 'TSLA'],1.4936228112125997e-64
209,['GOOG' 'AAPL' 'AMZN' 'TSLA' 'MSFT'],1.4936228112125997e-64
210,['MSFT' 'AMZN' 'TSLA' 'GOOG' 'AAPL'],1.4936228112125997e-64
211,['AAPL' 'MSFT' 'AMZN' 'TSLA' 'GOOG'],1.4936228112125997e-64
212,['GOOG' 'AAPL' 'AMZN' 'TSLA' 'MSFT'],1.4936228112125997e-64
213,['AAPL' 'TSLA' 'MSFT' 'GOOG' 'AMZN'],1.4936228112125997e-64
214,['AAPL' 'AMZN' 'GOOG' 'TSLA' 'MSFT'],1.4936228112125997e-64
215,['TSLA' 'AMZN' 'AAPL' 'GOOG' 'MSFT'],1.4936228112125997e-64
216,['AAPL' 'GOOG' 'AMZN' 'TSLA' 'MSFT'],1.4936228112125997e-64
217,['AAPL' 'TSLA' 'AMZN' 'MSFT' 'GOOG'],1.4936228112125997e-64
218,['TSLA' 'MSFT' 'AMZN' 'GOOG' 'AAPL'],1.4936228112125997e-64
219,['AAPL' 'GOOG' 'TSLA' 'AMZN' 'MSFT'],1.4936228112125997e-64
220,['MSFT' 'GOOG' 'AMZN' 'AAPL' 'TSLA'],1.4936228112125997e-64
221,['MSFT' 'AMZN' 'AAPL' 'TSLA' 'GOOG'],1.4936228112125997e-64
222,['AAPL' 'GOOG' 'MSFT' 'TSLA' 'AMZN'],1.4936228112125997e-64
223,['AMZN' 'AAPL' 'TSLA' 'MSFT' 'GOOG'],1.4936228112125997e-64
224,['AMZN' 'AAPL' 'TSLA' 'MSFT' 'GOOG'],1.4936228112125997e-64
225,['AAPL' 'TSLA' 'AMZN' 'GOOG' 'MSFT'],1.4936228112125997e-64
226,['TSLA' 'AAPL' 'MSFT' 'AMZN' 'GOOG'],1.4936228112125997e-64
227,['AMZN' 'AAPL' 'TSLA' 'GOOG' 'MSFT'],1.4936228112125997e-64
228,['AAPL' 'MSFT' 'AMZN' 'GOOG' 'TSLA'],1.4936228112125997e-64
229,['AMZN' 'TSLA' 'MSFT' 'GOOG' 'AAPL'],1.4936228112125997e-64
230,['AAPL' 'GOOG' 'MSFT' 'TSLA' 'AMZN'],1.4936228112125997e-64
231,['AAPL' 'MSFT' 'TSLA' 'AMZN' 'GOOG'],1.4936228112125997e-64
232,['TSLA' 'MSFT' 'AMZN' 'GOOG' 'AAPL'],1.4936228112125997e-64
233,['AAPL' 'GOOG' 'MSFT' 'AMZN' 'TSLA'],1.4936228112125997e-64
234,['MSFT' 'AAPL' 'AMZN' 'TSLA' 'GOOG'],1.4936228112125997e-64
235,['GOOG' 'AAPL' 'TSLA' 'AMZN' 'MSFT'],1.4936228112125997e-64
236,['GOOG' 'AAPL' 'MSFT' 'TSLA' 'AMZN'],1.4936228112125997e-64
237,['GOOG' 'TSLA' 'AAPL' 'AMZN' 'MSFT'],1.4936228112125997e-64
238,['GOOG' 'AAPL' 'MSFT' 'AMZN' 'TSLA'],1.4936228112125997e-64
239,['GOOG' 'AMZN' 'AAPL' 'TSLA' 'MSFT'],1.4936228112125997e-64
240,['AAPL' 'MSFT' 'GOOG' 'TSLA' 'AMZN'],1.4936228112125997e-64
241,['MSFT' 'GOOG' 'AMZN' 'AAPL' 'TSLA'],1.4936228112125997e-64
242,['MSFT' 'TSLA' 'AAPL' 'AMZN' 'GOOG'],1.4936228112125997e-64
243,['AMZN' 'GOOG' 'TSLA' 'AAPL' 'MSFT'],1.4936228112125997e-64
244,['TSLA' 'MSFT' 'GOOG' 'AMZN' 'AAPL'],1.4936228112125997e-64
245,['AMZN' 'GOOG' 'TSLA' 'AAPL' 'MSFT'],1.4936228112125997e-64
246,['GOOG' 'TSLA' 'MSFT' 'AAPL' 'AMZN'],1.4936228112125997e-64
247,['TSLA' 'AAPL' 'MSFT' 'AMZN' 'GOOG'],1.4936228112125997e-64
248,['TSLA' 'GOOG' 'AAPL' 'AMZN' 'MSFT'],1.4936228112125997e-64
249,['TSLA' 'MSFT' 'AMZN' 'AAPL' 'GOOG'],1.4936228112125997e-64
250,['TSLA' 'GOOG' 'MSFT' 'AAPL' 'AMZN'],1.4936228112125997e-64
251,['AMZN' 'AAPL' 'MSFT' 'GOOG' 'TSLA'],1.4936228112125997e-64
252,['GOOG' 'TSLA' 'MSFT' 'AMZN' 'AAPL'],1.4936228112125997e-64
253,['AAPL' 'GOOG' 'AMZN' 'MSFT' 'TSLA'],1.4936228112125997e-64
254,['TSLA' 'AMZN' 'GOOG' 'MSFT' 'AAPL'],1.4936228112125997e-64
255,['TSLA' 'AMZN' 'AAPL' 'MSFT' 'GOOG'],1.4936228112125997e-64
256,['AAPL' 'GOOG' 'TSLA' 'MSFT' 'AMZN'],1.4936228112125997e-64
257,['AAPL' 'AMZN' 'GOOG' 'TSLA' 'MSFT'],1.4936228112125997e-64
258,['GOOG' 'TSLA' 'AAPL' 'MSFT' 'AMZN'],1.4936228112125997e-64
259,['AMZN' 'AAPL' 'TSLA' 'GOOG' 'MSFT'],1.4936228112125997e-64
260,['AAPL' 'AMZN' 'MSFT' 'GOOG' 'TSLA'],1.4936228112125997e-64
261,['TSLA' 'MSFT' 'AMZN' 'AAPL' 'GOOG'],1.4936228112125997e-64
262,['TSLA' 'GOOG' 'AMZN' 'MSFT' 'AAPL'],1.4936228112125997e-64
263,['AAPL' 'GOOG' 'TSLA' 'AMZN' 'MSFT'],1.4936228112125997e-64
264,['GOOG' 'AMZN' 'AAPL' 'MSFT' 'TSLA'],1.4936228112125997e-64
265,['MSFT' 'TSLA' 'GOOG' 'AMZN' 'AAPL'],1.4936228112125997e-64
266,['TSLA' 'GOOG' 'MSFT' 'AMZN' 'AAPL'],1.4936228112125997e-64
267,['GOOG' 'AMZN' 'TSLA' 'MSFT' 'AAPL'],1.4936228112125997e-64
268,['TSLA' 'GOOG' 'AAPL' 'AMZN' 'MSFT'],1.4936228112125997e-64
269,['GOOG' 'AAPL' 'MSFT' 'AMZN' 'TSLA'],1.4936228112125997e-64
270,['GOOG' 'MSFT' 'TSLA' 'AMZN' 'AAPL'],1.4936228112125997e-64
271,['TSLA' 'GOOG' 'MSFT' 'AMZN' 'AAPL'],1.4936228112125997e-64
272,['AMZN' 'TSLA' 'GOOG' 'MSFT' 'AAPL'],1.4936228112125997e-64
273,['MSFT' 'TSLA' 'AMZN' 'AAPL' 'GOOG'],1.4936228112125997e-64
274,['TSLA' 'AMZN' 'MSFT' 'AAPL' 'GOOG'],1.4936228112125997e-64
275,['TSLA' 'MSFT' 'GOOG' 'AAPL' 'AMZN'],1.4936228112125997e-64
276,['AMZN' 'TSLA' 'AAPL' 'MSFT' 'GOOG'],1.4936228112125997e-64
277,['MSFT' 'GOOG' 'AAPL' 'TSLA' 'AMZN'],1.4936228112125997e-64
278,['AAPL' 'AMZN' 'GOOG' 'MSFT' 'TSLA'],1.4936228112125997e-64
279,['AMZN' 'TSLA' 'GOOG' 'MSFT' 'AAPL'],1.4936228112125997e-64
280,['MSFT' 'AAPL' 'AMZN' 'GOOG' 'TSLA'],1.4936228112125997e-64
281,['AAPL' 'MSFT' 'AMZN' 'GOOG' 'TSLA'],1.4936228112125997e-64
282,['MSFT' 'AAPL' 'AMZN' 'TSLA' 'GOOG'],1.4936228112125997e-64
283,['TSLA' 'MSFT' 'AAPL' 'AMZN' 'GOOG'],1.4936228112125997e-64
284,['GOOG' 'AMZN' 'MSFT' 'AAPL' 'TSLA'],1.4936228112125997e-64
285,['TSLA' 'AMZN' 'GOOG' 'AAPL' 'MSFT'],1.4936228112125997e-64
286,['GOOG' 'TSLA' 'AAPL' 'AMZN' 'MSFT'],1.4936228112125997e-64
287,['AMZN' 'AAPL' 'TSLA' 'GOOG' 'MSFT'],1.4936228112125997e-64
288,['TSLA' 'GOOG' 'AMZN' 'AAPL' 'MSFT'],1.4936228112125997e-64
289,['AMZN' 'TSLA' 'AAPL' 'MSFT' 'GOOG'],1.4936228112125997e-64
290,['MSFT' 'AMZN' 'AAPL' 'TSLA' 'GOOG'],1.4936228112125997e-64
291,['MSFT' 'GOOG' 'AAPL' 'AMZN' 'TSLA'],1.4936228112125997e-64
292,['MSFT' 'AMZN' 'TSLA' 'AAPL' 'GOOG'],1.4936228112125997e-64
293,['AAPL' 'AMZN' 'MSFT' 'TSLA' 'GOOG'],1.4936228112125997e-64
294,['MSFT' 'AAPL' 'AMZN' 'TSLA' 'GOOG'],1.4936228112125997e-64
295,['AAPL' 'GOOG' 'TSLA' 'AMZN' 'MSFT'],1.4936228112125997e-64
296,['MSFT' 'GOOG' 'TSLA' 'AMZN' 'AAPL'],1.4936228112125997e-64
297,['TSLA' 'GOOG' 'AAPL' 'AMZN' 'MSFT'],1.4936228112125997e-64
298,['AAPL' 'GOOG' 'TSLA' 'AMZN' 'MSFT'],1.4936228112125997e-64
299,['MSFT' 'GOOG' 'TSLA' 'AMZN' 'AAPL'],1.4936228112125997e-64
300,['TSLA' 'GOOG' 'MSFT' 'AAPL' 'AMZN'],1.4936228112125997e-64
301,['MSFT' 'GOOG' 'AMZN' 'AAPL' 'TSLA'],1.4936228112125997e-64
302,['AMZN' 'TSLA' 'GOOG' 'AAPL' 'MSFT'],1.4936228112125997e-64
303,['AMZN' 'AAPL' 'MSFT' 'GOOG' 'TSLA'],1.4936228112125997e-64
304,['MSFT' 'TSLA' 'AAPL' 'AMZN' 'GOOG'],1.4936228112125997e-64
305,['GOOG' 'MSFT' 'TSLA' 'AMZN' 'AAPL'],1.4936228112125997e-64
306,['GOOG' 'AAPL' 'TSLA' 'AMZN' 'MSFT'],1.4936228112125997e-64
307,['TSLA' 'AMZN' 'GOOG' 'AAPL' 'MSFT'],1.4936228112125997e-64
308,['GOOG' 'AAPL' 'TSLA' 'AMZN' 'MSFT'],1.4936228112125997e-64
309,['TSLA' 'MSFT' 'AAPL' 'GOOG' 'AMZN'],1.4936228112125997e-64
310,['AMZN' 'GOOG' 'AAPL' 'TSLA' 'MSFT'],1.4936228112125997e-64
311,['TSLA' 'GOOG' 'MSFT' 'AAPL' 'AMZN'],1.4936228112125997e-64
312,['AMZN' 'AAPL' 'GOOG' 'MSFT' 'TSLA'],1.4936228112125997e-64
313,['AMZN' 'MSFT' 'AAPL' 'TSLA' 'GOOG'],1.4936228112125997e-64
314,['MSFT' 'AMZN' 'AAPL' 'TSLA' 'GOOG'],1.4936228112125997e-64
315,['TSLA' 'MSFT' 'GOOG' 'AMZN' 'AAPL'],1.4936228112125997e-64
316,['AAPL' 'GOOG' 'AMZN' 'MSFT' 'TSLA'],1.4936228112125997e-64
317,['TSLA' 'MSFT' 'GOOG' 'AAPL' 'AMZN'],1.4936228112125997e-64
318,['GOOG' 'TSLA' 'AAPL' 'MSFT' 'AMZN'],1.4936228112125997e-64
319,['AAPL' 'AMZN' 'GOOG' 'MSFT' 'TSLA'],1.4936228112125997e-64
320,['GOOG' 'AMZN' 'TSLA' 'AAPL' 'MSFT'],1.4936228112125997e-64
321,['AAPL' 'GOOG' 'MSFT' 'TSLA' 'AMZN'],1.4936228112125997e-64
322,['AMZN' 'MSFT' 'GOOG' 'AAPL' 'TSLA'],1.4936228112125997e-64
323,['TSLA' 'MSFT' 'GOOG' 'AAPL' 'AMZN'],1.4936228112125997e-64
324,['MSFT' 'AAPL' 'AMZN' 'TSLA' 'GOOG'],1.4936228112125997e-64
325,['GOOG' 'MSFT' 'TSLA' 'AAPL' 'AMZN'],1.4936228112125997e-64
326,['TSLA' 'AMZN' 'AAPL' 'GOOG' 'MSFT'],1.4936228112125997e-64
327,['GOOG' 'TSLA' 'AAPL' 'MSFT' 'AMZN'],1.4936228112125997e-64
328,['AAPL' 'TSLA' 'GOOG' 'AMZN' 'MSFT'],1.4936228112125997e-64
329,['GOOG' 'TSLA' 'AMZN' 'AAPL' 'MSFT'],1.4936228112125997e-64
330,['GOOG' 'AMZN' 'AAPL' 'MSFT' 'TSLA'],1.4936228112125997e-64
331,['MSFT' 'AAPL' 'TSLA' 'AMZN' 'GOOG'],1.4936228112125997e-64
332,['GOOG' 'MSFT' 'TSLA' 'AMZN' 'AAPL'],1.4936228112125997e-64
333,['GOOG' 'TSLA' 'AMZN' 'MSFT' 'AAPL'],1.4936228112125997e-64
334,['MSFT' 'GOOG' 'AAPL' 'TSLA' 'AMZN'],1.4936228112125997e-64
335,['GOOG' 'TSLA' 'MSFT' 'AMZN' 'AAPL'],1.4936228112125997e-64
336,['AAPL' 'MSFT' 'GOOG' 'TSLA' 'AMZN'],1.4936228112125997e-64
337,['AMZN' 'TSLA' 'GOOG' 'AAPL' 'MSFT'],1.4936228112125997e-64
338,['GOOG' 'TSLA' 'AAPL' 'AMZN' 'MSFT'],1.4936228112125997e-64
339,['AAPL' 'TSLA' 'GOOG' 'AMZN' 'MSFT'],1.4936228112125997e-64
340,['MSFT' 'GOOG' 'TSLA' 'AAPL' 'AMZN'],1.4936228112125997e-64
341,['GOOG' 'AAPL' 'TSLA' 'MSFT' 'AMZN'],1.4936228112125997e-64
342,['AMZN' 'AAPL' 'TSLA' 'MSFT' 'GOOG'],1.4936228112125997e-64
343,['AMZN' 'AAPL' 'MSFT' 'GOOG' 'TSLA'],1.4936228112125997e-64
344,['MSFT' 'AMZN' 'AAPL' 'TSLA' 'GOOG'],1.4936228112125997e-64
345,['TSLA' 'AAPL' 'GOOG' 'MSFT' 'AMZN'],1.4936228112125997e-64
346,['GOOG' 'AAPL' 'AMZN' 'MSFT' 'TSLA'],1.4936228112125997e-64
347,['MSFT' 'TSLA' 'AMZN' 'AAPL' 'GOOG'],1.4936228112125997e-64
348,['AAPL' 'AMZN' 'GOOG' 'TSLA' 'MSFT'],1.4936228112125997e-64
349,['MSFT' 'GOOG' 'TSLA' 'AMZN' 'AAPL'],1.4936228112125997e-64
350,['MSFT' 'AAPL' 'AMZN' 'TSLA' 'GOOG'],1.4936228112125997e-64
351,['MSFT' 'AMZN' 'GOOG' 'AAPL' 'TSLA'],1.4936228112125997e-64
352,['AAPL' 'GOOG' 'TSLA' 'AMZN' 'MSFT'],1.4936228112125997e-64
353,['GOOG' 'TSLA' 'AAPL' 'MSFT' 'AMZN'],1.4936228112125997e-64
354,['MSFT' 'AMZN' 'AAPL' 'GOOG' 'TSLA'],1.4936228112125997e-64
355,['GOOG' 'MSFT' 'TSLA' 'AAPL' 'AMZN'],1.4936228112125997e-64
356,['MSFT' 'GOOG' 'AMZN' 'AAPL' 'TSLA'],1.4936228112125997e-64
357,['MSFT' 'TSLA' 'AAPL' 'AMZN' 'GOOG'],1.4936228112125997e-64
358,['TSLA' 'MSFT' 'AMZN' 'GOOG' 'AAPL'],1.4936228112125997e-64
359,['AAPL' 'GOOG' 'MSFT' 'TSLA' 'AMZN'],1.4936228112125997e-64
360,['AMZN' 'GOOG' 'AAPL' 'TSLA' 'MSFT'],1.4936228112125997e-64
361,['AAPL' 'MSFT' 'TSLA' 'GOOG' 'AMZN'],1.4936228112125997e-64
362,['TSLA' 'GOOG' 'AAPL' 'AMZN' 'MSFT'],1.4936228112125997e-64
363,['TSLA' 'GOOG' 'AAPL' 'AMZN' 'MSFT'],1.4936228112125997e-64
364,['GOOG' 'MSFT' 'TSLA' 'AMZN' 'AAPL'],1.4936228112125997e-64
365,['TSLA' 'AAPL' 'AMZN' 'GOOG' 'MSFT'],1.4936228112125997e-64
366,['GOOG' 'TSLA' 'MSFT' 'AAPL' 'AMZN'],1.4936228112125997e-64
367,['MSFT' 'TSLA' 'AAPL' 'GOOG' 'AMZN'],1.4936228112125997e-64
368,['AAPL' 'GOOG' 'AMZN' 'TSLA' 'MSFT'],1.4936228112125997e-64
369,['AMZN' 'MSFT' 'GOOG' 'TSLA' 'AAPL'],1.4936228112125997e-64
370,['GOOG' 'MSFT' 'TSLA' 'AAPL' 'AMZN'],1.4936228112125997e-64
371,['TSLA' 'GOOG' 'AMZN' 'MSFT' 'AAPL'],1.4936228112125997e-64
372,['TSLA' 'AMZN' 'MSFT' 'AAPL' 'GOOG'],1.4936228112125997e-64
373,['MSFT' 'TSLA' 'GOOG' 'AMZN' 'AAPL'],1.4936228112125997e-64
374,['TSLA' 'GOOG' 'AMZN' 'AAPL' 'MSFT'],1.4936228112125997e-64
375,['AAPL' 'MSFT' 'GOOG' 'AMZN' 'TSLA'],1.4936228112125997e-64
376,['GOOG' 'MSFT' 'AAPL' 'TSLA' 'AMZN'],1.4936228112125997e-64
377,['GOOG' 'AAPL' 'MSFT' 'AMZN' 'TSLA'],1.4936228112125997e-64
378,['AMZN' 'TSLA' 'AAPL' 'GOOG' 'MSFT'],1.4936228112125997e-64
379,['MSFT' 'AMZN' 'GOOG' 'AAPL' 'TSLA'],1.4936228112125997e-64
380,['GOOG' 'AMZN' 'TSLA' 'MSFT' 'AAPL'],1.4936228112125997e-64
381,['TSLA' 'AAPL' 'GOOG' 'AMZN' 'MSFT'],1.4936228112125997e-64
382,['GOOG' 'AMZN' 'TSLA' 'MSFT' 'AAPL'],1.4936228112125997e-64
383,['AMZN' 'GOOG' 'AAPL' 'MSFT' 'TSLA'],1.4936228112125997e-64
384,['AMZN' 'MSFT' 'GOOG' 'TSLA' 'AAPL'],1.4936228112125997e-64
385,['AMZN' 'AAPL' 'TSLA' 'GOOG' 'MSFT'],1.4936228112125997e-64
386,['TSLA' 'MSFT' 'AAPL' 'AMZN' 'GOOG'],1.4936228112125997e-64
387,['AAPL' 'AMZN' 'TSLA' 'MSFT' 'GOOG'],1.4936228112125997e-64
388,['MSFT' 'AMZN' 'TSLA' 'GOOG' 'AAPL'],1.4936228112125997e-64
389,['GOOG' 'TSLA' 'MSFT' 'AMZN' 'AAPL'],1.4936228112125997e-64
390,['GOOG' 'AAPL' 'MSFT' 'TSLA' 'AMZN'],1.4936228112125997e-64
391,['TSLA' 'MSFT' 'AMZN' 'AAPL' 'GOOG'],1.4936228112125997e-64
392,['MSFT' 'GOOG' 'AMZN' 'TSLA' 'AAPL'],1.4936228112125997e-64
393,['AMZN' 'TSLA' 'MSFT' 'GOOG' 'AAPL'],1.4936228112125997e-64
394,['MSFT' 'AMZN' 'TSLA' 'AAPL' 'GOOG'],1.4936228112125997e-64
395,['TSLA' 'GOOG' 'MSFT' 'AMZN' 'AAPL'],1.4936228112125997e-64
396,['AAPL' 'TSLA' 'GOOG' 'MSFT' 'AMZN'],1.4936228112125997e-64
397,['MSFT' 'TSLA' 'AMZN' 'GOOG' 'AAPL'],1.4936228112125997e-64
398,['TSLA' 'AAPL' 'MSFT' 'AMZN' 'GOOG'],1.4936228112125997e-64
399,['GOOG' 'AAPL' 'TSLA' 'MSFT' 'AMZN'],1.4936228112125997e-64
400,['MSFT' 'TSLA' 'AMZN' 'AAPL' 'GOOG'],1.4936228112125997e-64
401,['AMZN' 'TSLA' 'MSFT' 'AAPL' 'GOOG'],1.4936228112125997e-64
402,['AMZN' 'TSLA' 'GOOG' 'AAPL' 'MSFT'],1.4936228112125997e-64
403,['MSFT' 'AMZN' 'AAPL' 'TSLA' 'GOOG'],1.4936228112125997e-64
404,['AMZN' 'TSLA' 'MSFT' 'GOOG' 'AAPL'],1.4936228112125997e-64
405,['GOOG' 'MSFT' 'AMZN' 'AAPL' 'TSLA'],1.4936228112125997e-64
406,['AMZN' 'AAPL' 'GOOG' 'TSLA' 'MSFT'],1.4936228112125997e-64
407,['MSFT' 'AAPL' 'TSLA' 'GOOG' 'AMZN'],1.4936228112125997e-64
408,['MSFT' 'TSLA' 'AAPL' 'AMZN' 'GOOG'],1.4936228112125997e-64
409,['MSFT' 'AAPL' 'TSLA' 'AMZN' 'GOOG'],1.4936228112125997e-64
410,['TSLA' 'GOOG' 'MSFT' 'AAPL' 'AMZN'],1.4936228112125997e-64
411,['AAPL' 'TSLA' 'GOOG' 'AMZN' 'MSFT'],1.4936228112125997e-64
412,['AAPL' 'TSLA' 'AMZN' 'MSFT' 'GOOG'],1.4936228112125997e-64
413,['TSLA' 'AMZN' 'AAPL' 'MSFT' 'GOOG'],1.4936228112125997e-64
414,['MSFT' 'TSLA' 'GOOG' 'AMZN' 'AAPL'],1.4936228112125997e-64
415,['TSLA' 'MSFT' 'AMZN' 'GOOG' 'AAPL'],1.4936228112125997e-64
416,['TSLA' 'GOOG' 'AMZN' 'MSFT' 'AAPL'],1.4936228112125997e-64
417,['TSLA' 'AMZN' 'GOOG' 'AAPL' 'MSFT'],1.4936228112125997e-64
418,['AMZN' 'AAPL' 'MSFT' 'TSLA' 'GOOG'],1.4936228112125997e-64
419,['MSFT' 'AAPL' 'TSLA' 'AMZN' 'GOOG'],1.4936228112125997e-64
420,['MSFT' 'GOOG' 'AMZN' 'AAPL' 'TSLA'],1.4936228112125997e-64
421,['AAPL' 'MSFT' 'TSLA' 'AMZN' 'GOOG'],1.4936228112125997e-64
422,['MSFT' 'AAPL' 'AMZN' 'TSLA' 'GOOG'],1.4936228112125997e-64
423,['GOOG' 'MSFT' 'AAPL' 'AMZN' 'TSLA'],1.4936228112125997e-64
424,['AAPL' 'TSLA' 'AMZN' 'GOOG' 'MSFT'],1.4936228112125997e-64
425,['MSFT' 'TSLA' 'AAPL' 'AMZN' 'GOOG'],1.4936228112125997e-64
426,['GOOG' 'AAPL' 'MSFT' 'TSLA' 'AMZN'],1.4936228112125997e-64
427,['AMZN' 'AAPL' 'GOOG' 'TSLA' 'MSFT'],1.4936228112125997e-64
428,['AAPL' 'GOOG' 'AMZN' 'TSLA' 'MSFT'],1.4936228112125997e-64
429,['MSFT' 'AMZN' 'TSLA' 'GOOG' 'AAPL'],1.4936228112125997e-64
430,['GOOG' 'TSLA' 'AAPL' 'AMZN' 'MSFT'],1.4936228112125997e-64
431,['AAPL' 'GOOG' 'MSFT' 'TSLA' 'AMZN'],1.4936228112125997e-64
432,['TSLA' 'GOOG' 'MSFT' 'AMZN' 'AAPL'],1.4936228112125997e-64
433,['AMZN' 'GOOG' 'MSFT' 'TSLA' 'AAPL'],1.4936228112125997e-64
434,['TSLA' 'AMZN' 'MSFT' 'GOOG' 'AAPL'],1.4936228112125997e-64
435,['GOOG' 'AAPL' 'AMZN' 'MSFT' 'TSLA'],1.4936228112125997e-64
436,['GOOG' 'TSLA' 'MSFT' 'AAPL' 'AMZN'],1.4936228112125997e-64
437,['AAPL' 'AMZN' 'GOOG' 'MSFT' 'TSLA'],1.4936228112125997e-64
438,['AAPL' 'AMZN' 'TSLA' 'GOOG' 'MSFT'],1.4936228112125997e-64
439,['MSFT' 'TSLA' 'GOOG' 'AAPL' 'AMZN'],1.4936228112125997e-64
440,['MSFT' 'TSLA' 'GOOG' 'AMZN' 'AAPL'],1.4936228112125997e-64
441,['GOOG' 'AMZN' 'AAPL' 'MSFT' 'TSLA'],1.4936228112125997e-64
442,['GOOG' 'MSFT' 'AMZN' 'AAPL' 'TSLA'],1.4936228112125997e-64
443,['AAPL' 'TSLA' 'AMZN' 'MSFT' 'GOOG'],1.4936228112125997e-64
444,['AAPL' 'MSFT' 'AMZN' 'GOOG' 'TSLA'],1.4936228112125997e-64
445,['GOOG' 'AMZN' 'AAPL' 'MSFT' 'TSLA'],1.4936228112125997e-64
446,['AAPL' 'TSLA' 'GOOG' 'AMZN' 'MSFT'],1.4936228112125997e-64
447,['AAPL' 'AMZN' 'GOOG' 'TSLA' 'MSFT'],1.4936228112125997e-64
448,['AAPL' 'GOOG' 'TSLA' 'AMZN' 'MSFT'],1.4936228112125997e-64
449,['MSFT' 'GOOG' 'AMZN' 'AAPL' 'TSLA'],1.4936228112125997e-64
450,['AMZN' 'MSFT' 'GOOG' 'TSLA' 'AAPL'],1.4936228112125997e-64
451,['AAPL' 'TSLA' 'MSFT' 'AMZN' 'GOOG'],1.4936228112125997e-64
452,['GOOG' 'TSLA' 'AMZN' 'AAPL' 'MSFT'],1.4936228112125997e-64
453,['TSLA' 'GOOG' 'AMZN' 'AAPL' 'MSFT'],1.4936228112125997e-64
454,['MSFT' 'TSLA' 'GOOG' 'AMZN' 'AAPL'],1.4936228112125997e-64
455,['AMZN' 'MSFT' 'TSLA' 'GOOG' 'AAPL'],1.4936228112125997e-64
456,['AMZN' 'TSLA' 'GOOG' 'AAPL' 'MSFT'],1.4936228112125997e-64
457,['AMZN' 'MSFT' 'TSLA' 'GOOG' 'AAPL'],1.4936228112125997e-64
458,['TSLA' 'GOOG' 'AAPL' 'AMZN' 'MSFT'],1.4936228112125997e-64
459,['GOOG' 'TSLA' 'AMZN' 'AAPL' 'MSFT'],1.4936228112125997e-64
460,['AMZN' 'TSLA' 'GOOG' 'MSFT' 'AAPL'],1.4936228112125997e-64
461,['AMZN' 'MSFT' 'TSLA' 'GOOG' 'AAPL'],1.4936228112125997e-64
462,['TSLA' 'GOOG' 'AMZN' 'MSFT' 'AAPL'],1.4936228112125997e-64
463,['AAPL' 'GOOG' 'AMZN' 'TSLA' 'MSFT'],1.4936228112125997e-64
464,['TSLA' 'GOOG' 'AAPL' 'AMZN' 'MSFT'],1.4936228112125997e-64
465,['AMZN' 'MSFT' 'GOOG' 'AAPL' 'TSLA'],1.4936228112125997e-64
466,['AAPL' 'GOOG' 'TSLA' 'AMZN' 'MSFT'],1.4936228112125997e-64
467,['GOOG' 'TSLA' 'AMZN' 'AAPL' 'MSFT'],1.4936228112125997e-64
468,['AAPL' 'AMZN' 'GOOG' 'MSFT' 'TSLA'],1.4936228112125997e-64
469,['MSFT' 'GOOG' 'TSLA' 'AAPL' 'AMZN'],1.4936228112125997e-64
470,['TSLA' 'MSFT' 'AAPL' 'GOOG' 'AMZN'],1.4936228112125997e-64
471,['MSFT' 'AAPL' 'AMZN' 'TSLA' 'GOOG'],1.4936228112125997e-64
472,['TSLA' 'AAPL' 'AMZN' 'GOOG' 'MSFT'],1.4936228112125997e-64
473,['AAPL' 'GOOG' 'AMZN' 'TSLA' 'MSFT'],1.4936228112125997e-64
474,['AAPL' 'GOOG' 'MSFT' 'TSLA' 'AMZN'],1.4936228112125997e-64
475,['TSLA' 'MSFT' 'GOOG' 'AMZN' 'AAPL'],1.4936228112125997e-64
476,['AMZN' 'TSLA' 'MSFT' 'AAPL' 'GOOG'],1.4936228112125997e-64
477,['AAPL' 'MSFT' 'AMZN' 'TSLA' 'GOOG'],1.4936228112125997e-64
478,['MSFT' 'TSLA' 'AMZN' 'GOOG' 'AAPL'],1.4936228112125997e-64
479,['AMZN' 'TSLA' 'MSFT' 'AAPL' 'GOOG'],1.4936228112125997e-64
480,['TSLA' 'GOOG' 'AMZN' 'MSFT' 'AAPL'],1.4936228112125997e-64
481,['GOOG' 'TSLA' 'AMZN' 'MSFT' 'AAPL'],1.4936228112125997e-64
482,['MSFT' 'AAPL' 'AMZN' 'TSLA' 'GOOG'],1.4936228112125997e-64
483,['AMZN' 'TSLA' 'AAPL' 'MSFT' 'GOOG'],1.4936228112125997e-64
484,['TSLA' 'AAPL' 'AMZN' 'MSFT' 'GOOG'],1.4936228112125997e-64
485,['GOOG' 'TSLA' 'AAPL' 'MSFT' 'AMZN'],1.4936228112125997e-64
486,['TSLA' 'AAPL' 'AMZN' 'MSFT' 'GOOG'],1.4936228112125997e-64
487,['AAPL' 'MSFT' 'TSLA' 'GOOG' 'AMZN'],1.4936228112125997e-64
488,['MSFT' 'TSLA' 'AAPL' 'GOOG' 'AMZN'],1.4936228112125997e-64
489,['AAPL' 'GOOG' 'TSLA' 'MSFT' 'AMZN'],1.4936228112125997e-64
490,['AMZN' 'TSLA' 'GOOG' 'AAPL' 'MSFT'],1.4936228112125997e-64
491,['AMZN' 'GOOG' 'TSLA' 'AAPL' 'MSFT'],1.4936228112125997e-64
492,['MSFT' 'TSLA' 'GOOG' 'AMZN' 'AAPL'],1.4936228112125997e-64
493,['GOOG' 'AMZN' 'TSLA' 'AAPL' 'MSFT'],1.4936228112125997e-64
494,['MSFT' 'TSLA' 'AAPL' 'GOOG' 'AMZN'],1.4936228112125997e-64
495,['AAPL' 'TSLA' 'AMZN' 'GOOG' 'MSFT'],1.4936228112125997e-64
496,['GOOG' 'MSFT' 'AMZN' 'AAPL' 'TSLA'],1.4936228112125997e-64
497,['MSFT' 'AMZN' 'TSLA' 'AAPL' 'GOOG'],1.4936228112125997e-64
498,['GOOG' 'AMZN' 'MSFT' 'AAPL' 'TSLA'],1.4936228112125997e-64
499,['AMZN' 'TSLA' 'MSFT' 'AAPL' 'GOOG'],1.4936228112125997e-64
500,['GOOG' 'AAPL' 'AMZN' 'TSLA' 'MSFT'],1.4936228112125997e-64
501,['AAPL' 'MSFT' 'TSLA' 'GOOG' 'AMZN'],1.4936228112125997e-64
502,['AMZN' 'GOOG' 'MSFT' 'AAPL' 'TSLA'],1.4936228112125997e-64
503,['AMZN' 'AAPL' 'TSLA' 'GOOG' 'MSFT'],1.4936228112125997e-64
504,['AAPL' 'GOOG' 'AMZN' 'TSLA' 'MSFT'],1.4936228112125997e-64
505,['AAPL' 'AMZN' 'GOOG' 'MSFT' 'TSLA'],1.4936228112125997e-64
506,['TSLA' 'GOOG' 'MSFT' 'AAPL' 'AMZN'],1.4936228112125997e-64
507,['TSLA' 'AMZN' 'AAPL' 'MSFT' 'GOOG'],1.4936228112125997e-64
508,['MSFT' 'AMZN' 'TSLA' 'AAPL' 'GOOG'],1.4936228112125997e-64
509,['AMZN' 'MSFT' 'AAPL' 'GOOG' 'TSLA'],1.4936228112125997e-64
510,['GOOG' 'MSFT' 'AAPL' 'AMZN' 'TSLA'],1.4936228112125997e-64
511,['GOOG' 'TSLA' 'MSFT' 'AAPL' 'AMZN'],1.4936228112125997e-64
512,['AMZN' 'TSLA' 'MSFT' 'AAPL' 'GOOG'],1.4936228112125997e-64
513,['AMZN' 'GOOG' 'TSLA' 'MSFT' 'AAPL'],1.4936228112125997e-64
514,['TSLA' 'GOOG' 'AAPL' 'AMZN' 'MSFT'],1.4936228112125997e-64
515,['AMZN' 'TSLA' 'GOOG' 'AAPL' 'MSFT'],1.4936228112125997e-64
516,['TSLA' 'MSFT' 'AMZN' 'GOOG' 'AAPL'],1.4936228112125997e-64
517,['MSFT' 'AMZN' 'AAPL' 'GOOG' 'TSLA'],1.4936228112125997e-64
518,['GOOG' 'AAPL' 'MSFT' 'TSLA' 'AMZN'],1.4936228112125997e-64
519,['TSLA' 'GOOG' 'AMZN' 'AAPL' 'MSFT'],1.4936228112125997e-64
520,['AAPL' 'GOOG' 'MSFT' 'AMZN' 'TSLA'],1.4936228112125997e-64
521,['TSLA' 'GOOG' 'AMZN' 'MSFT' 'AAPL'],1.4936228112125997e-64
522,['TSLA' 'AAPL' 'MSFT' 'GOOG' 'AMZN'],1.4936228112125997e-64
523,['GOOG' 'TSLA' 'AAPL' 'AMZN' 'MSFT'],1.4936228112125997e-64
524,['TSLA' 'AMZN' 'GOOG' 'AAPL' 'MSFT'],1.4936228112125997e-64
525,['GOOG' 'MSFT' 'AMZN' 'TSLA' 'AAPL'],1.4936228112125997e-64
526,['AAPL' 'MSFT' 'GOOG' 'TSLA' 'AMZN'],1.4936228112125997e-64
527,['MSFT' 'AAPL' 'GOOG' 'TSLA' 'AMZN'],1.4936228112125997e-64
528,['TSLA' 'MSFT' 'GOOG' 'AAPL' 'AMZN'],1.4936228112125997e-64
529,['TSLA' 'MSFT' 'AAPL' 'GOOG' 'AMZN'],1.4936228112125997e-64
530,['MSFT' 'GOOG' 'AMZN' 'AAPL' 'TSLA'],1.4936228112125997e-64
531,['AMZN' 'AAPL' 'MSFT' 'GOOG' 'TSLA'],1.4936228112125997e-64
532,['TSLA' 'AMZN' 'MSFT' 'AAPL' 'GOOG'],1.4936228112125997e-64
533,['TSLA' 'AAPL' 'MSFT' 'GOOG' 'AMZN'],1.4936228112125997e-64
534,['AAPL' 'TSLA' 'AMZN' 'GOOG' 'MSFT'],1.4936228112125997e-64
535,['AAPL' 'GOOG' 'MSFT' 'AMZN' 'TSLA'],1.4936228112125997e-64
536,['GOOG' 'TSLA' 'MSFT' 'AAPL' 'AMZN'],1.4936228112125997e-64
537,['MSFT' 'AAPL' 'TSLA' 'AMZN' 'GOOG'],1.4936228112125997e-64
538,['TSLA' 'MSFT' 'AAPL' 'GOOG' 'AMZN'],1.4936228112125997e-64
539,['MSFT' 'TSLA' 'GOOG' 'AMZN' 'AAPL'],1.4936228112125997e-64
540,['TSLA' 'AMZN' 'GOOG' 'MSFT' 'AAPL'],1.4936228112125997e-64
541,['MSFT' 'AAPL' 'AMZN' 'TSLA' 'GOOG'],1.4936228112125997e-64
542,['GOOG' 'AMZN' 'MSFT' 'AAPL' 'TSLA'],1.4936228112125997e-64
543,['AAPL' 'MSFT' 'GOOG' 'AMZN' 'TSLA'],1.4936228112125997e-64
544,['AMZN' 'TSLA' 'AAPL' 'MSFT' 'GOOG'],1.4936228112125997e-64
545,['AMZN' 'AAPL' 'TSLA' 'GOOG' 'MSFT'],1.4936228112125997e-64
546,['TSLA' 'MSFT' 'AAPL' 'AMZN' 'GOOG'],1.4936228112125997e-64
547,['AMZN' 'AAPL' 'TSLA' 'GOOG' 'MSFT'],1.4936228112125997e-64
548,['MSFT' 'AAPL' 'GOOG' 'TSLA' 'AMZN'],1.4936228112125997e-64
549,['TSLA' 'GOOG' 'AMZN' 'MSFT' 'AAPL'],1.4936228112125997e-64
550,['MSFT' 'GOOG' 'TSLA' 'AMZN' 'AAPL'],1.4936228112125997e-64
551,['TSLA' 'AAPL' 'AMZN' 'MSFT' 'GOOG'],1.4936228112125997e-64
552,['AMZN' 'GOOG' 'MSFT' 'TSLA' 'AAPL'],1.4936228112125997e-64
553,['AAPL' 'AMZN' 'MSFT' 'TSLA' 'GOOG'],1.4936228112125997e-64
554,['AMZN' 'MSFT' 'AAPL' 'TSLA' 'GOOG'],1.4936228112125997e-64
555,['AAPL' 'MSFT' 'AMZN' 'GOOG' 'TSLA'],1.4936228112125997e-64
556,['GOOG' 'TSLA' 'MSFT' 'AMZN' 'AAPL'],1.4936228112125997e-64
557,['AAPL' 'GOOG' 'AMZN' 'MSFT' 'TSLA'],1.4936228112125997e-64
558,['MSFT' 'TSLA' 'GOOG' 'AMZN' 'AAPL'],1.4936228112125997e-64
559,['MSFT' 'AAPL' 'AMZN' 'GOOG' 'TSLA'],1.4936228112125997e-64
560,['AMZN' 'GOOG' 'MSFT' 'AAPL' 'TSLA'],1.4936228112125997e-64
561,['AMZN' 'TSLA' 'MSFT' 'AAPL' 'GOOG'],1.4936228112125997e-64
562,['GOOG' 'AAPL' 'MSFT' 'AMZN' 'TSLA'],1.4936228112125997e-64
563,['GOOG' 'MSFT' 'AAPL' 'TSLA' 'AMZN'],1.4936228112125997e-64
564,['MSFT' 'AMZN' 'GOOG' 'AAPL' 'TSLA'],1.4936228112125997e-64
565,['TSLA' 'AAPL' 'AMZN' 'GOOG' 'MSFT'],1.4936228112125997e-64
566,['GOOG' 'TSLA' 'AMZN' 'MSFT' 'AAPL'],1.4936228112125997e-64
567,['AAPL' 'MSFT' 'TSLA' 'GOOG' 'AMZN'],1.4936228112125997e-64
568,['MSFT' 'AAPL' 'GOOG' 'AMZN' 'TSLA'],1.4936228112125997e-64
569,['GOOG' 'TSLA' 'AMZN' 'AAPL' 'MSFT'],1.4936228112125997e-64
570,['TSLA' 'GOOG' 'AMZN' 'MSFT' 'AAPL'],1.4936228112125997e-64
571,['TSLA' 'GOOG' 'MSFT' 'AMZN' 'AAPL'],1.4936228112125997e-64
572,['GOOG' 'TSLA' 'AMZN' 'AAPL' 'MSFT'],1.4936228112125997e-64
573,['GOOG' 'AMZN' 'TSLA' 'MSFT' 'AAPL'],1.4936228112125997e-64
574,['GOOG' 'TSLA' 'AAPL' 'AMZN' 'MSFT'],1.4936228112125997e-64
575,['MSFT' 'AMZN' 'TSLA' 'AAPL' 'GOOG'],1.4936228112125997e-64
576,['TSLA' 'GOOG' 'MSFT' 'AAPL' 'AMZN'],1.4936228112125997e-64
577,['MSFT' 'AAPL' 'TSLA' 'AMZN' 'GOOG'],1.4936228112125997e-64
578,['MSFT' 'GOOG' 'TSLA' 'AAPL' 'AMZN'],1.4936228112125997e-64
579,['GOOG' 'AMZN' 'AAPL' 'MSFT' 'TSLA'],1.14126060022057e-44
580,['MSFT' 'AAPL' 'TSLA' 'AMZN' 'GOOG'],1.4936228112125997e-64
581,['AAPL' 'TSLA' 'AMZN' 'GOOG' 'MSFT'],1.4936228112125997e-64
582,['MSFT' 'GOOG' 'AAPL' 'TSLA' 'AMZN'],1.4936228112125997e-64
583,['GOOG' 'AMZN' 'AAPL' 'MSFT' 'TSLA'],1.4936228112125997e-64
584,['MSFT' 'AMZN' 'AAPL' 'GOOG' 'TSLA'],1.4936228112125997e-64
585,['TSLA' 'AMZN' 'AAPL' 'MSFT' 'GOOG'],1.4936228112125997e-64
586,['AAPL' 'AMZN' 'MSFT' 'TSLA' 'GOOG'],1.4936228112125997e-64
587,['MSFT' 'GOOG' 'TSLA' 'AMZN' 'AAPL'],1.4936228112125997e-64
588,['AMZN' 'TSLA' 'GOOG' 'AAPL' 'MSFT'],1.4936228112125997e-64
589,['GOOG' 'MSFT' 'TSLA' 'AAPL' 'AMZN'],1.4936228112125997e-64
590,['AAPL' 'MSFT' 'AMZN' 'TSLA' 'GOOG'],1.4936228112125997e-64
591,['TSLA' 'AMZN' 'AAPL' 'MSFT' 'GOOG'],1.4936228112125997e-64
592,['GOOG' 'TSLA' 'MSFT' 'AAPL' 'AMZN'],1.4936228112125997e-64
593,['AAPL' 'TSLA' 'MSFT' 'GOOG' 'AMZN'],1.4936228112125997e-64
594,['AMZN' 'MSFT' 'GOOG' 'AAPL' 'TSLA'],1.4936228112125997e-64
595,['AAPL' 'AMZN' 'GOOG' 'TSLA' 'MSFT'],1.4936228112125997e-64
596,['GOOG' 'TSLA' 'MSFT' 'AMZN' 'AAPL'],1.4936228112125997e-64
597,['AMZN' 'TSLA' 'GOOG' 'AAPL' 'MSFT'],1.4936228112125997e-64
598,['MSFT' 'TSLA' 'AMZN' 'AAPL' 'GOOG'],1.4936228112125997e-64
599,['GOOG' 'MSFT' 'AAPL' 'TSLA' 'AMZN'],1.4936228112125997e-64
600,['AMZN' 'TSLA' 'GOOG' 'MSFT' 'AAPL'],1.4936228112125997e-64
601,['GOOG' 'TSLA' 'AAPL' 'AMZN' 'MSFT'],1.4936228112125997e-64
602,['MSFT' 'GOOG' 'TSLA' 'AAPL' 'AMZN'],1.4936228112125997e-64
603,['GOOG' 'TSLA' 'AMZN' 'AAPL' 'MSFT'],1.4936228112125997e-64
604,['TSLA' 'GOOG' 'MSFT' 'AMZN' 'AAPL'],1.4936228112125997e-64
605,['GOOG' 'AMZN' 'MSFT' 'TSLA' 'AAPL'],1.4936228112125997e-64
606,['AMZN' 'GOOG' 'TSLA' 'MSFT' 'AAPL'],1.4936228112125997e-64
607,['AMZN' 'MSFT' 'AAPL' 'TSLA' 'GOOG'],1.4936228112125997e-64
608,['TSLA' 'MSFT' 'AMZN' 'GOOG' 'AAPL'],1.4936228112125997e-64
609,['AMZN' 'TSLA' 'GOOG' 'AAPL' 'MSFT'],1.4936228112125997e-64
610,['GOOG' 'MSFT' 'TSLA' 'AMZN' 'AAPL'],1.4936228112125997e-64
611,['MSFT' 'TSLA' 'GOOG' 'AAPL' 'AMZN'],1.4936228112125997e-64
612,['TSLA' 'GOOG' 'AMZN' 'AAPL' 'MSFT'],1.4936228112125997e-64
613,['TSLA' 'MSFT' 'GOOG' 'AAPL' 'AMZN'],1.4936228112125997e-64
614,['AAPL' 'AMZN' 'GOOG' 'MSFT' 'TSLA'],1.4936228112125997e-64
615,['TSLA' 'AAPL' 'GOOG' 'AMZN' 'MSFT'],1.4936228112125997e-64
616,['AAPL' 'AMZN' 'MSFT' 'TSLA' 'GOOG'],1.4936228112125997e-64
617,['TSLA' 'MSFT' 'GOOG' 'AMZN' 'AAPL'],1.4936228112125997e-64
618,['AAPL' 'TSLA' 'GOOG' 'MSFT' 'AMZN'],1.4936228112125997e-64
619,['TSLA' 'AMZN' 'AAPL' 'MSFT' 'GOOG'],1.4936228112125997e-64
620,['GOOG' 'AMZN' 'TSLA' 'AAPL' 'MSFT'],1.4936228112125997e-64
621,['TSLA' 'GOOG' 'AMZN' 'MSFT' 'AAPL'],1.4936228112125997e-64
622,['TSLA' 'MSFT' 'AAPL' 'GOOG' 'AMZN'],1.4936228112125997e-64
623,['MSFT' 'AMZN' 'GOOG' 'AAPL' 'TSLA'],1.4936228112125997e-64
624,['GOOG' 'AAPL' 'MSFT' 'AMZN' 'TSLA'],1.4936228112125997e-64
625,['TSLA' 'AAPL' 'AMZN' 'MSFT' 'GOOG'],1.4936228112125997e-64
626,['AAPL' 'TSLA' 'AMZN' 'MSFT' 'GOOG'],1.4936228112125997e-64
627,['AMZN' 'MSFT' 'AAPL' 'TSLA' 'GOOG'],1.4936228112125997e-64
628,['MSFT' 'AAPL' 'TSLA' 'AMZN' 'GOOG'],1.4936228112125997e-64
629,['MSFT' 'AMZN' 'AAPL' 'TSLA' 'GOOG'],1.4936228112125997e-64
630,['AMZN' 'TSLA' 'MSFT' 'GOOG' 'AAPL'],1.4936228112125997e-64
631,['AMZN' 'AAPL' 'TSLA' 'MSFT' 'GOOG'],1.4936228112125997e-64
632,['AAPL' 'AMZN' 'TSLA' 'MSFT' 'GOOG'],1.4936228112125997e-64
633,['AAPL' 'MSFT' 'AMZN' 'TSLA' 'GOOG'],1.4936228112125997e-64
634,['MSFT' 'GOOG' 'AMZN' 'TSLA' 'AAPL'],1.4936228112125997e-64
635,['AAPL' 'GOOG' 'MSFT' 'TSLA' 'AMZN'],1.4936228112125997e-64
636,['GOOG' 'TSLA' 'AAPL' 'AMZN' 'MSFT'],1.4936228112125997e-64
637,['MSFT' 'AMZN' 'GOOG' 'AAPL' 'TSLA'],1.4936228112125997e-64
638,['TSLA' 'AMZN' 'GOOG' 'MSFT' 'AAPL'],1.4936228112125997e-64
639,['TSLA' 'MSFT' 'AAPL' 'AMZN' 'GOOG'],1.4936228112125997e-64
640,['TSLA' 'MSFT' 'GOOG' 'AMZN' 'AAPL'],1.4936228112125997e-64
641,['AMZN' 'TSLA' 'GOOG' 'AAPL' 'MSFT'],1.4936228112125997e-64
642,['AAPL' 'TSLA' 'GOOG' 'AMZN' 'MSFT'],1.4936228112125997e-64
643,['MSFT' 'AMZN' 'GOOG' 'TSLA' 'AAPL'],1.4936228112125997e-64
644,['AMZN' 'TSLA' 'GOOG' 'AAPL' 'MSFT'],1.4936228112125997e-64
645,['AMZN' 'AAPL' 'GOOG' 'MSFT' 'TSLA'],1.4936228112125997e-64
646,['GOOG' 'MSFT' 'AAPL' 'TSLA' 'AMZN'],1.4936228112125997e-64
647,['GOOG' 'MSFT' 'AMZN' 'TSLA' 'AAPL'],1.4936228112125997e-64
648,['AMZN' 'MSFT' 'AAPL' 'GOOG' 'TSLA'],1.4936228112125997e-64
649,['GOOG' 'AAPL' 'AMZN' 'MSFT' 'TSLA'],1.4936228112125997e-64
650,['GOOG' 'AAPL' 'MSFT' 'TSLA' 'AMZN'],1.4936228112125997e-64
651,['TSLA' 'AAPL' 'MSFT' 'AMZN' 'GOOG'],1.4936228112125997e-64
652,['MSFT' 'GOOG' 'TSLA' 'AMZN' 'AAPL'],1.4936228112125997e-64
653,['AMZN' 'MSFT' 'TSLA' 'GOOG' 'AAPL'],1.4936228112125997e-64
654,['TSLA' 'AMZN' 'MSFT' 'AAPL' 'GOOG'],1.4936228112125997e-64
655,['AAPL' 'GOOG' 'TSLA' 'AMZN' 'MSFT'],1.4936228112125997e-64
656,['AMZN' 'AAPL' 'GOOG' 'MSFT' 'TSLA'],1.4936228112125997e-64
657,['TSLA' 'GOOG' 'AAPL' 'AMZN' 'MSFT'],1.4936228112125997e-64
658,['AMZN' 'AAPL' 'TSLA' 'GOOG' 'MSFT'],1.4936228112125997e-64
659,['AMZN' 'GOOG' 'AAPL' 'TSLA' 'MSFT'],1.4936228112125997e-64
660,['AMZN' 'AAPL' 'TSLA' 'GOOG' 'MSFT'],1.4936228112125997e-64
661,['AAPL' 'AMZN' 'GOOG' 'TSLA' 'MSFT'],1.4936228112125997e-64
662,['TSLA' 'AAPL' 'GOOG' 'AMZN' 'MSFT'],1.4936228112125997e-64
663,['AMZN' 'GOOG' 'TSLA' 'AAPL' 'MSFT'],1.4936228112125997e-64
664,['AAPL' 'MSFT' 'GOOG' 'AMZN' 'TSLA'],1.4936228112125997e-64
665,['MSFT' 'AAPL' 'TSLA' 'AMZN' 'GOOG'],1.4936228112125997e-64
666,['AAPL' 'GOOG' 'MSFT' 'AMZN' 'TSLA'],1.4936228112125997e-64
667,['AMZN' 'MSFT' 'AAPL' 'GOOG' 'TSLA'],1.4936228112125997e-64
668,['AMZN' 'GOOG' 'TSLA' 'AAPL' 'MSFT'],1.4936228112125997e-64
669,['TSLA' 'GOOG' 'AAPL' 'AMZN' 'MSFT'],1.4936228112125997e-64
670,['AMZN' 'MSFT' 'AAPL' 'TSLA' 'GOOG'],1.4936228112125997e-64
671,['AMZN' 'MSFT' 'AAPL' 'TSLA' 'GOOG'],1.4936228112125997e-64
672,['AMZN' 'GOOG' 'AAPL' 'MSFT' 'TSLA'],1.4936228112125997e-64
673,['TSLA' 'AMZN' 'GOOG' 'AAPL' 'MSFT'],1.4936228112125997e-64
674,['MSFT' 'AMZN' 'TSLA' 'GOOG' 'AAPL'],1.4936228112125997e-64
675,['TSLA' 'AAPL' 'AMZN' 'GOOG' 'MSFT'],1.4936228112125997e-64
676,['AAPL' 'AMZN' 'MSFT' 'GOOG' 'TSLA'],1.4936228112125997e-64
677,['AAPL' 'GOOG' 'TSLA' 'MSFT' 'AMZN'],1.4936228112125997e-64
678,['AMZN' 'GOOG' 'TSLA' 'AAPL' 'MSFT'],1.4936228112125997e-64
679,['TSLA' 'GOOG' 'MSFT' 'AAPL' 'AMZN'],1.4936228112125997e-64
680,['TSLA' 'AAPL' 'AMZN' 'GOOG' 'MSFT'],1.4936228112125997e-64
681,['TSLA' 'MSFT' 'GOOG' 'AAPL' 'AMZN'],1.4936228112125997e-64
682,['AAPL' 'MSFT' 'TSLA' 'AMZN' 'GOOG'],1.4936228112125997e-64
683,['AAPL' 'AMZN' 'GOOG' 'MSFT' 'TSLA'],1.4936228112125997e-64
684,['MSFT' 'TSLA' 'AAPL' 'GOOG' 'AMZN'],1.4936228112125997e-64
685,['AAPL' 'TSLA' 'GOOG' 'AMZN' 'MSFT'],1.4936228112125997e-64
686,['GOOG' 'AMZN' 'MSFT' 'TSLA' 'AAPL'],1.4936228112125997e-64
687,['TSLA' 'GOOG' 'AMZN' 'MSFT' 'AAPL'],1.4936228112125997e-64
688,['AAPL' 'GOOG' 'AMZN' 'TSLA' 'MSFT'],1.4936228112125997e-64
689,['GOOG' 'AMZN' 'MSFT' 'TSLA' 'AAPL'],1.4936228112125997e-64
690,['MSFT' 'AAPL' 'GOOG' 'AMZN' 'TSLA'],1.4936228112125997e-64
691,['AMZN' 'AAPL' 'GOOG' 'MSFT' 'TSLA'],1.4936228112125997e-64
692,['AAPL' 'AMZN' 'MSFT' 'TSLA' 'GOOG'],1.4936228112125997e-64
693,['AMZN' 'MSFT' 'AAPL' 'TSLA' 'GOOG'],1.4936228112125997e-64
694,['AAPL' 'AMZN' 'MSFT' 'TSLA' 'GOOG'],1.4936228112125997e-64
695,['AMZN' 'AAPL' 'TSLA' 'MSFT' 'GOOG'],1.4936228112125997e-64
696,['GOOG' 'AMZN' 'TSLA' 'MSFT' 'AAPL'],1.4936228112125997e-64
697,['AMZN' 'AAPL' 'MSFT' 'TSLA' 'GOOG'],1.4936228112125997e-64
698,['GOOG' 'AAPL' 'AMZN' 'MSFT' 'TSLA'],1.4936228112125997e-64
699,['TSLA' 'AMZN' 'AAPL' 'MSFT' 'GOOG'],1.4936228112125997e-64
700,['AMZN' 'TSLA' 'AAPL' 'GOOG' 'MSFT'],1.4936228112125997e-64
701,['AMZN' 'GOOG' 'MSFT' 'AAPL' 'TSLA'],1.4936228112125997e-64
702,['MSFT' 'GOOG' 'AAPL' 'AMZN' 'TSLA'],1.4936228112125997e-64
703,['AMZN' 'TSLA' 'MSFT' 'GOOG' 'AAPL'],1.4936228112125997e-64
704,['AMZN' 'MSFT' 'GOOG' 'AAPL' 'TSLA'],1.4936228112125997e-64
705,['AAPL' 'MSFT' 'TSLA' 'AMZN' 'GOOG'],1.4936228112125997e-64
706,['AAPL' 'AMZN' 'GOOG' 'MSFT' 'TSLA'],1.4936228112125997e-64
707,['AAPL' 'MSFT' 'AMZN' 'GOOG' 'TSLA'],1.4936228112125997e-64
708,['AMZN' 'GOOG' 'TSLA' 'AAPL' 'MSFT'],1.4936228112125997e-64
709,['MSFT' 'AAPL' 'GOOG' 'TSLA' 'AMZN'],1.4936228112125997e-64
710,['GOOG' 'AAPL' 'AMZN' 'MSFT' 'TSLA'],1.4936228112125997e-64
711,['TSLA' 'AMZN' 'GOOG' 'MSFT' 'AAPL'],1.4936228112125997e-64
712,['AMZN' 'GOOG' 'AAPL' 'TSLA' 'MSFT'],1.4936228112125997e-64
713,['AAPL' 'GOOG' 'TSLA' 'AMZN' 'MSFT'],1.4936228112125997e-64
714,['MSFT' 'AAPL' 'AMZN' 'TSLA' 'GOOG'],1.4936228112125997e-64
715,['AAPL' 'MSFT' 'GOOG' 'TSLA' 'AMZN'],1.4936228112125997e-64
716,['AMZN' 'MSFT' 'AAPL' 'GOOG' 'TSLA'],1.4936228112125997e-64
717,['AMZN' 'TSLA' 'MSFT' 'GOOG' 'AAPL'],1.4936228112125997e-64
718,['TSLA' 'GOOG' 'AMZN' 'MSFT' 'AAPL'],1.4936228112125997e-64
719,['TSLA' 'MSFT' 'GOOG' 'AAPL' 'AMZN'],1.4936228112125997e-64
720,['AMZN' 'AAPL' 'GOOG' 'TSLA' 'MSFT'],1.4936228112125997e-64
721,['MSFT' 'TSLA' 'AAPL' 'AMZN' 'GOOG'],1.4936228112125997e-64
722,['GOOG' 'AAPL' 'AMZN' 'MSFT' 'TSLA'],1.4936228112125997e-64
723,['GOOG' 'AMZN' 'AAPL' 'TSLA' 'MSFT'],1.4936228112125997e-64
724,['GOOG' 'TSLA' 'AAPL' 'AMZN' 'MSFT'],1.4936228112125997e-64
725,['AMZN' 'MSFT' 'GOOG' 'TSLA' 'AAPL'],1.4936228112125997e-64
726,['AAPL' 'AMZN' 'GOOG' 'TSLA' 'MSFT'],1.4936228112125997e-64
727,['TSLA' 'AAPL' 'MSFT' 'AMZN' 'GOOG'],1.4936228112125997e-64
728,['AAPL' 'GOOG' 'MSFT' 'TSLA' 'AMZN'],1.4936228112125997e-64
729,['GOOG' 'TSLA' 'AMZN' 'MSFT' 'AAPL'],1.4936228112125997e-64
730,['TSLA' 'GOOG' 'MSFT' 'AAPL' 'AMZN'],1.4936228112125997e-64
731,['TSLA' 'AAPL' 'AMZN' 'GOOG' 'MSFT'],1.4936228112125997e-64
732,['TSLA' 'GOOG' 'AAPL' 'AMZN' 'MSFT'],1.4936228112125997e-64
733,['GOOG' 'MSFT' 'AAPL' 'AMZN' 'TSLA'],1.4936228112125997e-64
734,['AMZN' 'AAPL' 'TSLA' 'MSFT' 'GOOG'],1.4936228112125997e-64
735,['AAPL' 'MSFT' 'GOOG' 'TSLA' 'AMZN'],1.4936228112125997e-64
736,['AMZN' 'AAPL' 'TSLA' 'GOOG' 'MSFT'],1.4936228112125997e-64
737,['GOOG' 'AMZN' 'MSFT' 'AAPL' 'TSLA'],1.4936228112125997e-64
738,['AAPL' 'GOOG' 'TSLA' 'AMZN' 'MSFT'],1.4936228112125997e-64
739,['GOOG' 'MSFT' 'AAPL' 'TSLA' 'AMZN'],1.4936228112125997e-64
740,['GOOG' 'AMZN' 'AAPL' 'MSFT' 'TSLA'],1.4936228112125997e-64
741,['AAPL' 'MSFT' 'TSLA' 'GOOG' 'AMZN'],1.4936228112125997e-64
742,['MSFT' 'AAPL' 'AMZN' 'GOOG' 'TSLA'],1.4936228112125997e-64
743,['GOOG' 'AAPL' 'TSLA' 'AMZN' 'MSFT'],1.4936228112125997e-64
744,['TSLA' 'MSFT' 'AAPL' 'GOOG' 'AMZN'],1.4936228112125997e-64
745,['AAPL' 'TSLA' 'GOOG' 'MSFT' 'AMZN'],1.4936228112125997e-64
746,['AAPL' 'GOOG' 'MSFT' 'TSLA' 'AMZN'],1.4936228112125997e-64
747,['GOOG' 'MSFT' 'AMZN' 'TSLA' 'AAPL'],1.4936228112125997e-64
748,['GOOG' 'AAPL' 'AMZN' 'MSFT' 'TSLA'],1.4936228112125997e-64
749,['MSFT' 'AMZN' 'TSLA' 'GOOG' 'AAPL'],1.4936228112125997e-64
750,['AAPL' 'AMZN' 'TSLA' 'GOOG' 'MSFT'],1.4936228112125997e-64
751,['AMZN' 'MSFT' 'AAPL' 'TSLA' 'GOOG'],1.4936228112125997e-64
752,['GOOG' 'MSFT' 'AAPL' 'TSLA' 'AMZN'],1.4936228112125997e-64
753,['AAPL' 'AMZN' 'MSFT' 'TSLA' 'GOOG'],1.4936228112125997e-64
754,['AAPL' 'AMZN' 'GOOG' 'TSLA' 'MSFT'],1.4936228112125997e-64
755,['GOOG' 'MSFT' 'TSLA' 'AMZN' 'AAPL'],1.4936228112125997e-64
756,['AAPL' 'MSFT' 'GOOG' 'TSLA' 'AMZN'],1.4936228112125997e-64
757,['MSFT' 'GOOG' 'TSLA' 'AMZN' 'AAPL'],1.4936228112125997e-64
758,['TSLA' 'MSFT' 'AMZN' 'GOOG' 'AAPL'],1.4936228112125997e-64
759,['GOOG' 'TSLA' 'MSFT' 'AAPL' 'AMZN'],1.4936228112125997e-64
760,['TSLA' 'MSFT' 'AMZN' 'GOOG' 'AAPL'],1.4936228112125997e-64
761,['TSLA' 'GOOG' 'AAPL' 'AMZN' 'MSFT'],1.4936228112125997e-64
762,['TSLA' 'GOOG' 'AMZN' 'MSFT' 'AAPL'],1.4936228112125997e-64
763,['TSLA' 'GOOG' 'MSFT' 'AAPL' 'AMZN'],1.4936228112125997e-64
764,['AAPL' 'AMZN' 'MSFT' 'TSLA' 'GOOG'],1.4936228112125997e-64
765,['GOOG' 'AAPL' 'TSLA' 'MSFT' 'AMZN'],1.4936228112125997e-64
766,['AMZN' 'GOOG' 'AAPL' 'TSLA' 'MSFT'],1.4936228112125997e-64
767,['GOOG' 'TSLA' 'AAPL' 'MSFT' 'AMZN'],1.4936228112125997e-64
768,['GOOG' 'MSFT' 'TSLA' 'AAPL' 'AMZN'],1.4936228112125997e-64
769,['MSFT' 'GOOG' 'TSLA' 'AMZN' 'AAPL'],1.4936228112125997e-64
770,['GOOG' 'MSFT' 'AMZN' 'AAPL' 'TSLA'],1.4936228112125997e-64
771,['TSLA' 'AAPL' 'MSFT' 'GOOG' 'AMZN'],1.4936228112125997e-64
772,['AAPL' 'AMZN' 'TSLA' 'MSFT' 'GOOG'],1.4936228112125997e-64
773,['MSFT' 'TSLA' 'GOOG' 'AAPL' 'AMZN'],1.4936228112125997e-64
774,['GOOG' 'AMZN' 'AAPL' 'MSFT' 'TSLA'],1.4936228112125997e-64
775,['TSLA' 'GOOG' 'AAPL' 'AMZN' 'MSFT'],1.4936228112125997e-64
776,['AMZN' 'TSLA' 'MSFT' 'AAPL' 'GOOG'],1.4936228112125997e-64
777,['AAPL' 'MSFT' 'AMZN' 'GOOG' 'TSLA'],1.4936228112125997e-64
778,['AMZN' 'MSFT' 'AAPL' 'TSLA' 'GOOG'],1.4936228112125997e-64
779,['AMZN' 'GOOG' 'TSLA' 'AAPL' 'MSFT'],1.4936228112125997e-64
780,['GOOG' 'MSFT' 'AAPL' 'TSLA' 'AMZN'],1.4936228112125997e-64
781,['TSLA' 'GOOG' 'AMZN' 'AAPL' 'MSFT'],1.4936228112125997e-64
782,['AAPL' 'MSFT' 'GOOG' 'AMZN' 'TSLA'],1.4936228112125997e-64
783,['AMZN' 'AAPL' 'TSLA' 'GOOG' 'MSFT'],1.4936228112125997e-64
784,['AMZN' 'AAPL' 'MSFT' 'TSLA' 'GOOG'],1.4936228112125997e-64
785,['MSFT' 'GOOG' 'TSLA' 'AMZN' 'AAPL'],1.4936228112125997e-64
786,['TSLA' 'MSFT' 'AMZN' 'GOOG' 'AAPL'],1.4936228112125997e-64
787,['AAPL' 'GOOG' 'AMZN' 'MSFT' 'TSLA'],1.4936228112125997e-64
788,['MSFT' 'AMZN' 'TSLA' 'GOOG' 'AAPL'],1.4936228112125997e-64
789,['MSFT' 'AMZN' 'GOOG' 'AAPL' 'TSLA'],1.4936228112125997e-64
790,['TSLA' 'GOOG' 'AMZN' 'MSFT' 'AAPL'],1.4936228112125997e-64
791,['AMZN' 'MSFT' 'TSLA' 'AAPL' 'GOOG'],1.4936228112125997e-64
792,['MSFT' 'GOOG' 'TSLA' 'AMZN' 'AAPL'],1.4936228112125997e-64
793,['TSLA' 'AAPL' 'MSFT' 'GOOG' 'AMZN'],1.4936228112125997e-64
794,['MSFT' 'TSLA' 'AAPL' 'GOOG' 'AMZN'],1.4936228112125997e-64
795,['MSFT' 'GOOG' 'AMZN' 'TSLA' 'AAPL'],1.4936228112125997e-64
796,['AMZN' 'TSLA' 'AAPL' 'GOOG' 'MSFT'],1.4936228112125997e-64
797,['AMZN' 'GOOG' 'MSFT' 'TSLA' 'AAPL'],1.4936228112125997e-64
798,['GOOG' 'AMZN' 'AAPL' 'TSLA' 'MSFT'],1.4936228112125997e-64
799,['GOOG' 'TSLA' 'AMZN' 'AAPL' 'MSFT'],1.4936228112125997e-64
800,['GOOG' 'TSLA' 'AAPL' 'AMZN' 'MSFT'],1.4936228112125997e-64
801,['AAPL' 'AMZN' 'TSLA' 'MSFT' 'GOOG'],1.4936228112125997e-64
802,['AMZN' 'MSFT' 'AAPL' 'TSLA' 'GOOG'],1.4936228112125997e-64
803,['TSLA' 'MSFT' 'AMZN' 'AAPL' 'GOOG'],1.4936228112125997e-64
804,['AAPL' 'TSLA' 'GOOG' 'AMZN' 'MSFT'],1.4936228112125997e-64
805,['MSFT' 'GOOG' 'AAPL' 'AMZN' 'TSLA'],1.4936228112125997e-64
806,['GOOG' 'TSLA' 'MSFT' 'AMZN' 'AAPL'],1.4936228112125997e-64
807,['TSLA' 'GOOG' 'AMZN' 'AAPL' 'MSFT'],1.4936228112125997e-64
808,['TSLA' 'AMZN' 'MSFT' 'AAPL' 'GOOG'],1.4936228112125997e-64
809,['MSFT' 'AMZN' 'AAPL' 'GOOG' 'TSLA'],1.4936228112125997e-64
810,['AAPL' 'TSLA' 'MSFT' 'GOOG' 'AMZN'],1.4936228112125997e-64
811,['AMZN' 'GOOG' 'AAPL' 'TSLA' 'MSFT'],1.4936228112125997e-64
812,['AMZN' 'TSLA' 'GOOG' 'MSFT' 'AAPL'],1.4936228112125997e-64
813,['TSLA' 'GOOG' 'AAPL' 'AMZN' 'MSFT'],1.4936228112125997e-64
814,['MSFT' 'GOOG' 'TSLA' 'AAPL' 'AMZN'],1.4936228112125997e-64
815,['GOOG' 'AAPL' 'AMZN' 'TSLA' 'MSFT'],1.4936228112125997e-64
816,['MSFT' 'AMZN' 'TSLA' 'AAPL' 'GOOG'],1.4936228112125997e-64
817,['AAPL' 'GOOG' 'MSFT' 'TSLA' 'AMZN'],1.4936228112125997e-64
818,['MSFT' 'GOOG' 'AMZN' 'TSLA' 'AAPL'],1.4936228112125997e-64
819,['AAPL' 'AMZN' 'MSFT' 'GOOG' 'TSLA'],1.4936228112125997e-64
820,['TSLA' 'AMZN' 'MSFT' 'AAPL' 'GOOG'],1.4936228112125997e-64
821,['AAPL' 'MSFT' 'TSLA' 'AMZN' 'GOOG'],1.4936228112125997e-64
822,['AMZN' 'GOOG' 'MSFT' 'AAPL' 'TSLA'],1.4936228112125997e-64
823,['TSLA' 'AAPL' 'MSFT' 'GOOG' 'AMZN'],1.4936228112125997e-64
824,['GOOG' 'AAPL' 'TSLA' 'MSFT' 'AMZN'],1.4936228112125997e-64
825,['MSFT' 'AAPL' 'GOOG' 'AMZN' 'TSLA'],1.4936228112125997e-64
826,['GOOG' 'TSLA' 'MSFT' 'AMZN' 'AAPL'],1.4936228112125997e-64
827,['GOOG' 'AAPL' 'AMZN' 'TSLA' 'MSFT'],1.4936228112125997e-64
828,['TSLA' 'AAPL' 'GOOG' 'AMZN' 'MSFT'],1.4936228112125997e-64
829,['MSFT' 'AAPL' 'TSLA' 'GOOG' 'AMZN'],1.4936228112125997e-64
830,['AAPL' 'AMZN' 'GOOG' 'TSLA' 'MSFT'],1.4936228112125997e-64
831,['AMZN' 'MSFT' 'TSLA' 'GOOG' 'AAPL'],1.4936228112125997e-64
832,['TSLA' 'GOOG' 'AAPL' 'MSFT' 'AMZN'],1.4936228112125997e-64
833,['GOOG' 'AAPL' 'TSLA' 'AMZN' 'MSFT'],1.4936228112125997e-64
834,['TSLA' 'AAPL' 'MSFT' 'GOOG' 'AMZN'],1.4936228112125997e-64
835,['MSFT' 'TSLA' 'AAPL' 'AMZN' 'GOOG'],1.4936228112125997e-64
836,['AAPL' 'AMZN' 'MSFT' 'GOOG' 'TSLA'],1.4936228112125997e-64
837,['TSLA' 'AAPL' 'GOOG' 'MSFT' 'AMZN'],1.4936228112125997e-64
838,['MSFT' 'TSLA' 'GOOG' 'AMZN' 'AAPL'],1.4936228112125997e-64
839,['AMZN' 'GOOG' 'MSFT' 'AAPL' 'TSLA'],1.4936228112125997e-64
840,['AAPL' 'AMZN' 'GOOG' 'TSLA' 'MSFT'],1.4936228112125997e-64
841,['TSLA' 'AAPL' 'AMZN' 'MSFT' 'GOOG'],1.4936228112125997e-64
842,['AMZN' 'MSFT' 'TSLA' 'AAPL' 'GOOG'],1.4936228112125997e-64
843,['TSLA' 'MSFT' 'AMZN' 'AAPL' 'GOOG'],1.4936228112125997e-64
844,['AMZN' 'AAPL' 'TSLA' 'GOOG' 'MSFT'],1.4936228112125997e-64
845,['MSFT' 'TSLA' 'GOOG' 'AMZN' 'AAPL'],1.4936228112125997e-64
846,['AAPL' 'MSFT' 'AMZN' 'TSLA' 'GOOG'],1.4936228112125997e-64
847,['AAPL' 'GOOG' 'AMZN' 'TSLA' 'MSFT'],1.4936228112125997e-64
848,['AAPL' 'AMZN' 'TSLA' 'GOOG' 'MSFT'],1.4936228112125997e-64
849,['AAPL' 'GOOG' 'TSLA' 'MSFT' 'AMZN'],1.4936228112125997e-64
850,['AMZN' 'TSLA' 'MSFT' 'GOOG' 'AAPL'],1.4936228112125997e-64
851,['TSLA' 'AAPL' 'GOOG' 'MSFT' 'AMZN'],1.4936228112125997e-64
852,['AMZN' 'MSFT' 'TSLA' 'GOOG' 'AAPL'],1.4936228112125997e-64
853,['AAPL' 'MSFT' 'TSLA' 'AMZN' 'GOOG'],1.4936228112125997e-64
854,['GOOG' 'TSLA' 'AAPL' 'MSFT' 'AMZN'],1.4936228112125997e-64
855,['TSLA' 'MSFT' 'AMZN' 'AAPL' 'GOOG'],1.4936228112125997e-64
856,['TSLA' 'AAPL' 'GOOG' 'AMZN' 'MSFT'],1.4936228112125997e-64
857,['TSLA' 'AMZN' 'AAPL' 'MSFT' 'GOOG'],1.4936228112125997e-64
858,['MSFT' 'AAPL' 'TSLA' 'AMZN' 'GOOG'],1.4936228112125997e-64
859,['AAPL' 'MSFT' 'TSLA' 'GOOG' 'AMZN'],1.4936228112125997e-64
860,['GOOG' 'AAPL' 'AMZN' 'TSLA' 'MSFT'],1.4936228112125997e-64
861,['GOOG' 'MSFT' 'TSLA' 'AMZN' 'AAPL'],1.4936228112125997e-64
862,['MSFT' 'TSLA' 'AAPL' 'AMZN' 'GOOG'],1.4936228112125997e-64
863,['AMZN' 'TSLA' 'MSFT' 'AAPL' 'GOOG'],1.4936228112125997e-64
864,['AAPL' 'GOOG' 'AMZN' 'TSLA' 'MSFT'],1.4936228112125997e-64
865,['AMZN' 'GOOG' 'TSLA' 'MSFT' 'AAPL'],1.4936228112125997e-64
866,['TSLA' 'AAPL' 'GOOG' 'MSFT' 'AMZN'],1.4936228112125997e-64
867,['TSLA' 'MSFT' 'AAPL' 'AMZN' 'GOOG'],1.4936228112125997e-64
868,['TSLA' 'GOOG' 'AMZN' 'MSFT' 'AAPL'],1.4936228112125997e-64
869,['AAPL' 'GOOG' 'AMZN' 'MSFT' 'TSLA'],1.4936228112125997e-64
870,['AAPL' 'MSFT' 'GOOG' 'TSLA' 'AMZN'],1.4936228112125997e-64
871,['MSFT' 'AAPL' 'AMZN' 'GOOG' 'TSLA'],1.4936228112125997e-64
872,['MSFT' 'AMZN' 'TSLA' 'AAPL' 'GOOG'],1.4936228112125997e-64
873,['MSFT' 'AMZN' 'TSLA' 'GOOG' 'AAPL'],1.4936228112125997e-64
874,['MSFT' 'AMZN' 'AAPL' 'TSLA' 'GOOG'],1.4936228112125997e-64
875,['GOOG' 'MSFT' 'AMZN' 'TSLA' 'AAPL'],1.4936228112125997e-64
876,['MSFT' 'AMZN' 'AAPL' 'TSLA' 'GOOG'],1.4936228112125997e-64
877,['GOOG' 'AMZN' 'AAPL' 'TSLA' 'MSFT'],1.4936228112125997e-64
878,['MSFT' 'GOOG' 'TSLA' 'AMZN' 'AAPL'],1.4936228112125997e-64
879,['GOOG' 'MSFT' 'AMZN' 'TSLA' 'AAPL'],1.4936228112125997e-64
880,['AMZN' 'TSLA' 'MSFT' 'AAPL' 'GOOG'],1.4936228112125997e-64
881,['MSFT' 'AMZN' 'AAPL' 'GOOG' 'TSLA'],1.4936228112125997e-64
882,['TSLA' 'MSFT' 'GOOG' 'AAPL' 'AMZN'],1.4936228112125997e-64
883,['AMZN' 'MSFT' 'AAPL' 'GOOG' 'TSLA'],1.4936228112125997e-64
884,['AMZN' 'GOOG' 'TSLA' 'MSFT' 'AAPL'],1.4936228112125997e-64
885,['TSLA' 'AMZN' 'MSFT' 'AAPL' 'GOOG'],1.4936228112125997e-64
886,['AMZN' 'AAPL' 'GOOG' 'MSFT' 'TSLA'],1.4936228112125997e-64
887,['AMZN' 'AAPL' 'TSLA' 'MSFT' 'GOOG'],1.4936228112125997e-64
888,['AMZN' 'GOOG' 'MSFT' 'TSLA' 'AAPL'],1.4936228112125997e-64
889,['AMZN' 'GOOG' 'MSFT' 'AAPL' 'TSLA'],1.4936228112125997e-64
890,['MSFT' 'TSLA' 'AAPL' 'AMZN' 'GOOG'],1.4936228112125997e-64
891,['MSFT' 'AAPL' 'TSLA' 'AMZN' 'GOOG'],1.4936228112125997e-64
892,['GOOG' 'MSFT' 'AMZN' 'TSLA' 'AAPL'],1.4936228112125997e-64
893,['AMZN' 'MSFT' 'AAPL' 'TSLA' 'GOOG'],1.4936228112125997e-64
894,['MSFT' 'AAPL' 'TSLA' 'AMZN' 'GOOG'],1.4936228112125997e-64
895,['MSFT' 'AAPL' 'AMZN' 'TSLA' 'GOOG'],1.4936228112125997e-64
896,['AMZN' 'GOOG' 'AAPL' 'MSFT' 'TSLA'],1.4936228112125997e-64
897,['AMZN' 'AAPL' 'GOOG' 'MSFT' 'TSLA'],1.4936228112125997e-64
898,['GOOG' 'AAPL' 'TSLA' 'MSFT' 'AMZN'],1.4936228112125997e-64
899,['AMZN' 'TSLA' 'AAPL' 'MSFT' 'GOOG'],1.4936228112125997e-64
900,['TSLA' 'AAPL' 'GOOG' 'MSFT' 'AMZN'],1.4936228112125997e-64
901,['GOOG' 'MSFT' 'AMZN' 'AAPL' 'TSLA'],1.4936228112125997e-64
902,['GOOG' 'AMZN' 'MSFT' 'AAPL' 'TSLA'],1.4936228112125997e-64
903,['MSFT' 'GOOG' 'AAPL' 'AMZN' 'TSLA'],1.4936228112125997e-64
904,['MSFT' 'AAPL' 'GOOG' 'AMZN' 'TSLA'],1.4936228112125997e-64
905,['AMZN' 'GOOG' 'AAPL' 'TSLA' 'MSFT'],1.4936228112125997e-64
906,['MSFT' 'AAPL' 'AMZN' 'TSLA' 'GOOG'],1.4936228112125997e-64
907,['AAPL' 'GOOG' 'MSFT' 'TSLA' 'AMZN'],1.4936228112125997e-64
908,['AAPL' 'TSLA' 'AMZN' 'MSFT' 'GOOG'],1.4936228112125997e-64
909,['MSFT' 'GOOG' 'AMZN' 'TSLA' 'AAPL'],1.4936228112125997e-64
910,['GOOG' 'AAPL' 'MSFT' 'AMZN' 'TSLA'],1.4936228112125997e-64
911,['AAPL' 'TSLA' 'GOOG' 'AMZN' 'MSFT'],1.4936228112125997e-64
912,['AAPL' 'GOOG' 'AMZN' 'MSFT' 'TSLA'],1.4936228112125997e-64
913,['GOOG' 'AMZN' 'TSLA' 'MSFT' 'AAPL'],1.4936228112125997e-64
914,['AAPL' 'MSFT' 'TSLA' 'AMZN' 'GOOG'],1.4936228112125997e-64
915,['MSFT' 'AAPL' 'AMZN' 'TSLA' 'GOOG'],1.4936228112125997e-64
916,['AMZN' 'AAPL' 'TSLA' 'GOOG' 'MSFT'],1.4936228112125997e-64
917,['AMZN' 'GOOG' 'MSFT' 'TSLA' 'AAPL'],1.4936228112125997e-64
918,['GOOG' 'TSLA' 'AAPL' 'AMZN' 'MSFT'],1.4936228112125997e-64
919,['TSLA' 'AMZN' 'GOOG' 'MSFT' 'AAPL'],1.4936228112125997e-64
920,['MSFT' 'AAPL' 'TSLA' 'GOOG' 'AMZN'],1.4936228112125997e-64
921,['AMZN' 'AAPL' 'GOOG' 'MSFT' 'TSLA'],1.4936228112125997e-64
922,['TSLA' 'GOOG' 'AMZN' 'MSFT' 'AAPL'],1.4936228112125997e-64
923,['TSLA' 'GOOG' 'AAPL' 'AMZN' 'MSFT'],1.4936228112125997e-64
924,['TSLA' 'AAPL' 'GOOG' 'MSFT' 'AMZN'],1.4936228112125997e-64
925,['GOOG' 'AAPL' 'MSFT' 'AMZN' 'TSLA'],1.4936228112125997e-64
926,['AAPL' 'MSFT' 'TSLA' 'GOOG' 'AMZN'],1.4936228112125997e-64
927,['AMZN' 'TSLA' 'AAPL' 'GOOG' 'MSFT'],1.4936228112125997e-64
928,['GOOG' 'AMZN' 'MSFT' 'AAPL' 'TSLA'],1.4936228112125997e-64
929,['AMZN' 'GOOG' 'TSLA' 'MSFT' 'AAPL'],1.4936228112125997e-64
930,['AAPL' 'TSLA' 'GOOG' 'AMZN' 'MSFT'],1.4936228112125997e-64
931,['AMZN' 'MSFT' 'GOOG' 'AAPL' 'TSLA'],1.4936228112125997e-64
932,['GOOG' 'AMZN' 'MSFT' 'TSLA' 'AAPL'],1.4936228112125997e-64
933,['MSFT' 'TSLA' 'AMZN' 'GOOG' 'AAPL'],1.4936228112125997e-64
934,['TSLA' 'GOOG' 'AAPL' 'MSFT' 'AMZN'],1.4936228112125997e-64
935,['MSFT' 'GOOG' 'AAPL' 'AMZN' 'TSLA'],1.4936228112125997e-64
936,['GOOG' 'MSFT' 'AAPL' 'AMZN' 'TSLA'],1.4936228112125997e-64
937,['AMZN' 'GOOG' 'TSLA' 'AAPL' 'MSFT'],1.4936228112125997e-64
938,['AAPL' 'AMZN' 'GOOG' 'TSLA' 'MSFT'],1.4936228112125997e-64
939,['GOOG' 'AAPL' 'TSLA' 'MSFT' 'AMZN'],1.4936228112125997e-64
940,['AMZN' 'TSLA' 'GOOG' 'MSFT' 'AAPL'],1.4936228112125997e-64
941,['AAPL' 'TSLA' 'MSFT' 'GOOG' 'AMZN'],1.4936228112125997e-64
942,['AAPL' 'GOOG' 'MSFT' 'AMZN' 'TSLA'],1.4936228112125997e-64
943,['AAPL' 'MSFT' 'TSLA' 'GOOG' 'AMZN'],1.4936228112125997e-64
944,['MSFT' 'TSLA' 'AAPL' 'AMZN' 'GOOG'],1.4936228112125997e-64
945,['AMZN' 'AAPL' 'MSFT' 'GOOG' 'TSLA'],1.4936228112125997e-64
946,['GOOG' 'MSFT' 'TSLA' 'AAPL' 'AMZN'],1.4936228112125997e-64
947,['MSFT' 'TSLA' 'AAPL' 'AMZN' 'GOOG'],1.4936228112125997e-64
948,['GOOG' 'MSFT' 'AAPL' 'TSLA' 'AMZN'],1.4936228112125997e-64
949,['AMZN' 'MSFT' 'TSLA' 'GOOG' 'AAPL'],1.4936228112125997e-64
950,['GOOG' 'TSLA' 'AAPL' 'MSFT' 'AMZN'],1.4936228112125997e-64
951,['TSLA' 'AAPL' 'AMZN' 'MSFT' 'GOOG'],1.4936228112125997e-64
952,['GOOG' 'TSLA' 'MSFT' 'AMZN' 'AAPL'],1.4936228112125997e-64
953,['TSLA' 'AAPL' 'MSFT' 'GOOG' 'AMZN'],1.4936228112125997e-64
954,['AAPL' 'TSLA' 'AMZN' 'GOOG' 'MSFT'],1.4936228112125997e-64
955,['AMZN' 'MSFT' 'GOOG' 'AAPL' 'TSLA'],1.4936228112125997e-64
956,['GOOG' 'AMZN' 'MSFT' 'AAPL' 'TSLA'],1.4936228112125997e-64
957,['GOOG' 'AAPL' 'TSLA' 'AMZN' 'MSFT'],1.4936228112125997e-64
958,['AMZN' 'TSLA' 'AAPL' 'GOOG' 'MSFT'],1.4936228112125997e-64
959,['MSFT' 'TSLA' 'AAPL' 'GOOG' 'AMZN'],1.4936228112125997e-64
960,['AMZN' 'TSLA' 'AAPL' 'MSFT' 'GOOG'],1.4936228112125997e-64
961,['MSFT' 'AMZN' 'GOOG' 'AAPL' 'TSLA'],1.4936228112125997e-64
962,['MSFT' 'GOOG' 'TSLA' 'AAPL' 'AMZN'],1.4936228112125997e-64
963,['TSLA' 'AAPL' 'MSFT' 'GOOG' 'AMZN'],1.4936228112125997e-64
964,['AAPL' 'MSFT' 'TSLA' 'GOOG' 'AMZN'],1.4936228112125997e-64
965,['GOOG' 'AMZN' 'TSLA' 'MSFT' 'AAPL'],1.4936228112125997e-64
966,['TSLA' 'GOOG' 'MSFT' 'AMZN' 'AAPL'],1.4936228112125997e-64
967,['AAPL' 'GOOG' 'TSLA' 'AMZN' 'MSFT'],1.4936228112125997e-64
968,['AMZN' 'TSLA' 'AAPL' 'GOOG' 'MSFT'],1.4936228112125997e-64
969,['AMZN' 'AAPL' 'MSFT' 'TSLA' 'GOOG'],1.4936228112125997e-64
970,['GOOG' 'AMZN' 'TSLA' 'AAPL' 'MSFT'],1.4936228112125997e-64
971,['AAPL' 'MSFT' 'TSLA' 'AMZN' 'GOOG'],1.4936228112125997e-64
972,['AAPL' 'AMZN' 'MSFT' 'TSLA' 'GOOG'],1.4936228112125997e-64
973,['TSLA' 'GOOG' 'AAPL' 'AMZN' 'MSFT'],1.4936228112125997e-64
974,['GOOG' 'MSFT' 'AAPL' 'AMZN' 'TSLA'],1.4936228112125997e-64
975,['MSFT' 'TSLA' 'AAPL' 'AMZN' 'GOOG'],1.4936228112125997e-64
976,['AAPL' 'AMZN' 'MSFT' 'GOOG' 'TSLA'],1.4936228112125997e-64
977,['TSLA' 'AAPL' 'AMZN' 'GOOG' 'MSFT'],1.4936228112125997e-64
978,['GOOG' 'AMZN' 'TSLA' 'MSFT' 'AAPL'],1.4936228112125997e-64
979,['AAPL' 'MSFT' 'AMZN' 'TSLA' 'GOOG'],1.4936228112125997e-64
980,['TSLA' 'AMZN' 'AAPL' 'GOOG' 'MSFT'],1.4936228112125997e-64
981,['AAPL' 'AMZN' 'TSLA' 'GOOG' 'MSFT'],1.4936228112125997e-64
982,['TSLA' 'GOOG' 'AAPL' 'MSFT' 'AMZN'],1.4936228112125997e-64
983,['TSLA' 'MSFT' 'AMZN' 'AAPL' 'GOOG'],1.4936228112125997e-64
984,['AAPL' 'AMZN' 'GOOG' 'TSLA' 'MSFT'],1.4936228112125997e-64
985,['AAPL' 'TSLA' 'AMZN' 'GOOG' 'MSFT'],1.4936228112125997e-64
986,['AMZN' 'GOOG' 'MSFT' 'TSLA' 'AAPL'],1.4936228112125997e-64
987,['TSLA' 'GOOG' 'MSFT' 'AAPL' 'AMZN'],1.4936228112125997e-64
988,['AAPL' 'AMZN' 'TSLA' 'GOOG' 'MSFT'],1.4936228112125997e-64
989,['TSLA' 'MSFT' 'AAPL' 'GOOG' 'AMZN'],1.4936228112125997e-64
990,['GOOG' 'TSLA' 'AMZN' 'AAPL' 'MSFT'],1.4936228112125997e-64
991,['AMZN' 'TSLA' 'GOOG' 'AAPL' 'MSFT'],1.4936228112125997e-64
992,['TSLA' 'AAPL' 'GOOG' 'MSFT' 'AMZN'],1.4936228112125997e-64
993,['AAPL' 'TSLA' 'AMZN' 'MSFT' 'GOOG'],1.4936228112125997e-64
994,['GOOG' 'TSLA' 'MSFT' 'AMZN' 'AAPL'],1.4936228112125997e-64
995,['GOOG' 'MSFT' 'AMZN' 'TSLA' 'AAPL'],1.4936228112125997e-64
996,['AMZN' 'MSFT' 'GOOG' 'AAPL' 'TSLA'],1.4936228112125997e-64
997,['AAPL' 'GOOG' 'MSFT' 'TSLA' 'AMZN'],1.4936228112125997e-64
998,['MSFT' 'AMZN' 'GOOG' 'TSLA' 'AAPL'],1.4936228112125997e-64
999,['TSLA' 'AMZN' 'GOOG' 'AAPL' 'MSFT'],1.4936228112125997e-64
