English,MangaSales(Millions),SearchInterest(GlobalRank),ViewershipScore(1-100),RedditMembers,AO3_Fanworks,BoxOffice(Millions_USD)
Attack on Titan,140,1,95,1400000,130000,
Attack on Titan Season 2,140,1,96,1400000,130000,
Attack on Titan Season 3,140,1,97,1400000,130000,
Bleach,130,8,88,700000,80000,
Death Note,30,6,91,400000,45000,
Demon Slayer: Kimetsu no Yaiba,150,3,98,900000,60000,503
Dragon Ball,300,5,93,1000000,40000,
Dragon Ball Z,300,5,94,1000000,40000,
Hunter x Hunter,84,10,89,1200000,55000,
Jujutsu Kaisen,90,2,97,1100000,150000,
Jujutsu Kaisen 0,90,2,96,1100000,150000,196
Jujutsu Kaisen Season 2,90,2,98,1100000,150000,
Naruto,250,4,95,2000000,200000,
Naruto Shippuden,250,4,96,2000000,200000,
One Piece,516,7,99,2500000,110000,
One Punch Man,30,9,85,1300000,25000,
Solo Leveling,15,12,92,500000,10000,